date,btc price
2025-11-15,96971
2025-11-14,100494
2025-11-13,101442
2025-11-12,103494
2025-11-11,105334
2025-11-10,103641
2025-11-09,101640
2025-11-08,101621
2025-11-07,100995
2025-11-06,103639
2025-11-05,101292
2025-11-04,106832
2025-11-03,110196
2025-11-02,110305
2025-11-01,108886
2025-10-31,107409
2025-10-30,111158
2025-10-29,115506
2025-10-28,115527
2025-10-27,113667
2025-10-26,111418
2025-10-25,110265
2025-10-24,109969
2025-10-23,108103
2025-10-22,112562
2025-10-21,110588
2025-10-20,109192
2025-10-19,106727
2025-10-18,106644
2025-10-17,108845
2025-10-16,110392
2025-10-15,112826
2025-10-14,114684
2025-10-13,114502
2025-10-12,112143
2025-10-11,118024
2025-10-10,120275
2025-10-09,123602
2025-10-08,121550
2025-10-07,125480
2025-10-06,123257
2025-10-05,121840
2025-10-04,123057
2025-10-03,119722
2025-10-02,117451
2025-10-01,113135
2025-09-30,113713
2025-09-29,110319
2025-09-28,109382
2025-09-27,109629
2025-09-26,110464
2025-09-25,113852
2025-09-24,112653
2025-09-23,112373
2025-09-22,115414
2025-09-21,115990
2025-09-20,115858
2025-09-19,117719
2025-09-18,115705
2025-09-17,116591
2025-09-16,114865
2025-09-15,115534
2025-09-14,115324
2025-09-13,115615
2025-09-12,114480
2025-09-11,114008
2025-09-10,111058
2025-09-09,112384
2025-09-08,111130
2025-09-07,110210
2025-09-06,110698
2025-09-05,109697
2025-09-04,112386
2025-09-03,110738
2025-09-02,108602
2025-09-01,108914
2025-08-31,108875
2025-08-30,108280
2025-08-29,112274
2025-08-28,111969
2025-08-27,109810
2025-08-26,112485
2025-08-25,114433
2025-08-24,115060
2025-08-23,116756
2025-08-22,112263
2025-08-21,113932
2025-08-20,113248
2025-08-19,116386
2025-08-18,117888
2025-08-17,117764
2025-08-16,117221
2025-08-15,117694
2025-08-14,121633
2025-08-13,119778
2025-08-12,119839
2025-08-11,118621
2025-08-10,116769
2025-08-09,116435
2025-08-08,116434
2025-08-07,115185
2025-08-06,113193
2025-08-05,115507
2025-08-04,114084
2025-08-03,113314
2025-08-02,114581
2025-08-01,118186
2025-07-31,117803
2025-07-30,117832
2025-07-29,117782
2025-07-28,119015
2025-07-27,118052
2025-07-26,116203
2025-07-25,118883
2025-07-24,117497
2025-07-23,118670
2025-07-22,118012
2025-07-21,118398
2025-07-20,117958
2025-07-19,117666
2025-07-18,118863
2025-07-17,119361
2025-07-16,117268
2025-07-15,120430
2025-07-14,118657
2025-07-13,117325
2025-07-12,117527
2025-07-11,113305
2025-07-10,109286
2025-07-09,108821
2025-07-08,107996
2025-07-07,108791
2025-07-06,108039
2025-07-05,107809
2025-07-04,109584
2025-07-03,109510
2025-07-02,106170
2025-07-01,107601
2025-06-30,107544
2025-06-29,107387
2025-06-28,107271
2025-06-27,107369
2025-06-26,107366
2025-06-25,105972
2025-06-24,101421
2025-06-23,99992
2025-06-22,103545
2025-06-21,103540
2025-06-20,104060
2025-06-19,104236
2025-06-18,103696
2025-06-17,107773
2025-06-16,105553
2025-06-15,104630
2025-06-14,105402
2025-06-13,107911
2025-06-12,109565
2025-06-11,108949
2025-06-10,108202
2025-06-09,106241
2025-06-08,105483
2025-06-07,104633
2025-06-06,103628
2025-06-05,105406
2025-06-04,106105
2025-06-03,104264
2025-06-02,105183
2025-06-01,104544
2025-05-31,104113
2025-05-30,106736
2025-05-29,107682
2025-05-28,110352
2025-05-27,109480
2025-05-26,107243
2025-05-25,109083
2025-05-24,109306
2025-05-23,111355
2025-05-22,109143
2025-05-21,105869
2025-05-20,105194
2025-05-19,105737
2025-05-18,103042
2025-05-17,104143
2025-05-16,103724
2025-05-15,103267
2025-05-14,103895
2025-05-13,103019
2025-05-12,103967
2025-05-11,103470
2025-05-10,102826
2025-05-09,101289
2025-05-08,96840
2025-05-07,94453
2025-05-06,94113
2025-05-05,95459
2025-05-04,96089
2025-05-03,97218
2025-05-02,97181
2025-05-01,93869
2025-04-30,95053
2025-04-29,93731
2025-04-28,94046
2025-04-27,94311
2025-04-26,95470
2025-04-25,93158
2025-04-24,93845
2025-04-23,90826
2025-04-22,86837
2025-04-21,84524
2025-04-20,84903
2025-04-19,84493
2025-04-18,84991
2025-04-17,85176
2025-04-16,84956
2025-04-15,84389
2025-04-14,84443
2025-04-13,84493
2025-04-12,82889
2025-04-11,78814
2025-04-10,78288
2025-04-09,77114
2025-04-08,78195
2025-04-07,81654
2025-04-06,82718
2025-04-05,83100
2025-04-04,81833
2025-04-03,87209
2025-04-02,85145
2025-04-01,83398
2025-03-31,82333
2025-03-30,81805
2025-03-29,83639
2025-03-28,86974
2025-03-27,86745
2025-03-26,88227
2025-03-25,88189
2025-03-24,85312
2025-03-23,84142
2025-03-22,83853
2025-03-21,84121
2025-03-20,84560
2025-03-19,81732
2025-03-18,83754
2025-03-17,83201
2025-03-16,84205
2025-03-15,84443
2025-03-14,81099
2025-03-13,83884
2025-03-12,82799
2025-03-11,78784
2025-03-10,80751
2025-03-09,86143
2025-03-08,86773
2025-03-07,90001
2025-03-06,90604
2025-03-05,87311
2025-03-04,86125
2025-03-03,94262
2025-03-02,86005
2025-03-01,84442
2025-02-28,84709
2025-02-27,83900
2025-02-26,88756
2025-02-25,91397
2025-02-24,96327
2025-02-23,96564
2025-02-22,96135
2025-02-21,98384
2025-02-20,96555
2025-02-19,95496
2025-02-18,95776
2025-02-17,96149
2025-02-16,97570
2025-02-15,97488
2025-02-14,96562
2025-02-13,97836
2025-02-12,95740
2025-02-11,97400
2025-02-10,96549
2025-02-09,96558
2025-02-08,96558
2025-02-07,96635
2025-02-06,96583
2025-02-05,98118
2025-02-04,101467
2025-02-03,97568
2025-02-02,100675
2025-02-01,102382
2025-01-31,104782
2025-01-30,103719
2025-01-29,101313
2025-01-28,101958
2025-01-27,102552
2025-01-26,104796
2025-01-25,104835
2025-01-24,104068
2025-01-23,103674
2025-01-22,106182
2025-01-21,101765
2025-01-20,101275
2025-01-19,104335
2025-01-18,104161
2025-01-17,100045
2025-01-16,100313
2025-01-15,96574
2025-01-14,94456
2025-01-13,94455
2025-01-12,94560
2025-01-11,94737
2025-01-10,92376
2025-01-09,95017
2025-01-08,96952
2025-01-07,102229
2025-01-06,98365
2025-01-05,98257
2025-01-04,98084
2025-01-03,96852
2025-01-02,94384
2025-01-01,93508
2024-12-31,92627
2024-12-30,93663
2024-12-29,95185
2024-12-28,94332
2024-12-27,95678
2024-12-26,99345
2024-12-25,98696
2024-12-24,94645
2024-12-23,95094
2024-12-22,97203
2024-12-21,97691
2024-12-20,97851
2024-12-19,100356
2024-12-18,106035
2024-12-17,106074
2024-12-16,104722
2024-12-15,101367
2024-12-14,101352
2024-12-13,100001
2024-12-12,101124
2024-12-11,96650
2024-12-10,97354
2024-12-09,101235
2024-12-08,99782
2024-12-07,99974
2024-12-06,97202
2024-12-05,98881
2024-12-04,96032
2024-12-03,95833
2024-12-02,97312
2024-12-01,96513
2024-11-30,97453
2024-11-29,95662
2024-11-28,95981
2024-11-27,91932
2024-11-26,93005
2024-11-25,98016
2024-11-24,97679
2024-11-23,98927
2024-11-22,98509
2024-11-21,94217
2024-11-20,92252
2024-11-19,90535
2024-11-18,89841
2024-11-17,90606
2024-11-16,90948
2024-11-15,87408
2024-11-14,90488
2024-11-13,88265
2024-11-12,88637
2024-11-11,80467
2024-11-10,76630
2024-11-09,76550
2024-11-08,75987
2024-11-07,75621
2024-11-06,69335
2024-11-05,67793
2024-11-04,68804
2024-11-03,69299
2024-11-02,69508
2024-11-01,70265
2024-10-31,72343
2024-10-30,72781
2024-10-29,69845
2024-10-28,67939
2024-10-27,67018
2024-10-26,66586
2024-10-25,68214
2024-10-24,66684
2024-10-23,67351
2024-10-22,67395
2024-10-21,68963
2024-10-20,68389
2024-10-19,68466
2024-10-18,67328
2024-10-17,67648
2024-10-16,66962
2024-10-15,66050
2024-10-14,62830
2024-10-13,63208
2024-10-12,62392
2024-10-11,60195
2024-10-10,60597
2024-10-09,62185
2024-10-08,62287
2024-10-07,62812
2024-10-06,62092
2024-10-05,62103
2024-10-04,60728
2024-10-03,60656
2024-10-02,60873
2024-10-01,63243
2024-09-30,65664
2024-09-29,65934
2024-09-28,65791
2024-09-27,65131
2024-09-26,63152
2024-09-25,64334
2024-09-24,63327
2024-09-23,63583
2024-09-22,63403
2024-09-21,63128
2024-09-20,62967
2024-09-19,61440
2024-09-18,60317
2024-09-17,58211
2024-09-16,59215
2024-09-15,60003
2024-09-14,60621
2024-09-13,58107
2024-09-12,57382
2024-09-11,57624
2024-09-10,57049
2024-09-09,54792
2024-09-08,54151
2024-09-07,53923
2024-09-06,56132
2024-09-05,57988
2024-09-04,57505
2024-09-03,59109
2024-09-02,57358
2024-09-01,58960
2024-08-31,59156
2024-08-30,59352
2024-08-29,59015
2024-08-28,59527
2024-08-27,62923
2024-08-26,64266
2024-08-25,64157
2024-08-24,64050
2024-08-23,60388
2024-08-22,61145
2024-08-21,59060
2024-08-20,59575
2024-08-19,58438
2024-08-18,59431
2024-08-17,58882
2024-08-16,57624
2024-08-15,58739
2024-08-14,60601
2024-08-13,59350
2024-08-12,58804
2024-08-11,60888
2024-08-10,60913
2024-08-09,61859
2024-08-08,55100
2024-08-07,55960
2024-08-06,53956
2024-08-05,58006
2024-08-04,60739
2024-08-03,61407
2024-08-02,65358
2024-08-01,64680
2024-07-31,66219
2024-07-30,66770
2024-07-29,68242
2024-07-28,68055
2024-07-27,67920
2024-07-26,65750
2024-07-25,65404
2024-07-24,65942
2024-07-23,67608
2024-07-22,68088
2024-07-21,67206
2024-07-20,66690
2024-07-19,63960
2024-07-18,64136
2024-07-17,65162
2024-07-16,64835
2024-07-15,60942
2024-07-14,59153
2024-07-13,57899
2024-07-12,57388
2024-07-11,57704
2024-07-10,57988
2024-07-09,56665
2024-07-08,55880
2024-07-07,58230
2024-07-06,56740
2024-07-05,57189
2024-07-04,60245
2024-07-03,62043
2024-07-02,62820
2024-07-01,62734
2024-06-30,60864
2024-06-29,60317
2024-06-28,61563
2024-06-27,60750
2024-06-26,61770
2024-06-25,60363
2024-06-24,63221
2024-06-23,64240
2024-06-22,64072
2024-06-21,64845
2024-06-20,64907
2024-06-19,65109
2024-06-18,66460
2024-06-17,66616
2024-06-16,66190
2024-06-15,66011
2024-06-14,66700
2024-06-13,68225
2024-06-12,67329
2024-06-11,69493
2024-06-10,69654
2024-06-09,69315
2024-06-08,69325
2024-06-07,70760
2024-06-06,71185
2024-06-05,70600
2024-06-04,68808
2024-06-03,67740
2024-06-02,67704
2024-06-01,67475
2024-05-31,68372
2024-05-30,67577
2024-05-29,68317
2024-05-28,69367
2024-05-27,68509
2024-05-26,69268
2024-05-25,68540
2024-05-24,67906
2024-05-23,69181
2024-05-22,70190
2024-05-21,71430
2024-05-20,66253
2024-05-19,66913
2024-05-18,67053
2024-05-17,65261
2024-05-16,66221
2024-05-15,61569
2024-05-14,62879
2024-05-13,61507
2024-05-12,60777
2024-05-11,60888
2024-05-10,63149
2024-05-09,61216
2024-05-08,62363
2024-05-07,63172
2024-05-06,64010
2024-05-05,63820
2024-05-04,62839
2024-05-03,59135
2024-05-02,58298
2024-05-01,60749
2024-04-30,63798
2024-04-29,63030
2024-04-28,63517
2024-04-27,63802
2024-04-26,64486
2024-04-25,64280
2024-04-24,66407
2024-04-23,66842
2024-04-22,64936
2024-04-21,64894
2024-04-20,63989
2024-04-19,63462
2024-04-18,61329
2024-04-17,63721
2024-04-16,63431
2024-04-15,65753
2024-04-14,64405
2024-04-13,67252
2024-04-12,70107
2024-04-11,70528
2024-04-10,69159
2024-04-09,71624
2024-04-08,69402
2024-04-07,69001
2024-04-06,67979
2024-04-05,68542
2024-04-04,66124
2024-04-03,65440
2024-04-02,69786
2024-04-01,71247
2024-03-31,69702
2024-03-30,69919
2024-03-29,70710
2024-03-28,69436
2024-03-27,70082
2024-03-26,69939
2024-03-25,67311
2024-03-24,64286
2024-03-23,63509
2024-03-22,65536
2024-03-21,67819
2024-03-20,62133
2024-03-19,67709
2024-03-18,68425
2024-03-17,65292
2024-03-16,69498
2024-03-15,71420
2024-03-14,73098
2024-03-13,71467
2024-03-12,72131
2024-03-11,69076
2024-03-10,68508
2024-03-09,68315
2024-03-08,66945
2024-03-07,66146
2024-03-06,64292
2024-03-05,68187
2024-03-04,63053
2024-03-03,62068
2024-03-02,62427
2024-03-01,61298
2024-02-29,62559
2024-02-28,57004
2024-02-27,54478
2024-02-26,51752
2024-02-25,51553
2024-02-24,50841
2024-02-23,51320
2024-02-22,51843
2024-02-21,52287
2024-02-20,51764
2024-02-19,52138
2024-02-18,51685
2024-02-17,52166
2024-02-16,51958
2024-02-15,51790
2024-02-14,49732
2024-02-13,50050
2024-02-12,48190
2024-02-11,47769
2024-02-10,47143
2024-02-09,45338
2024-02-08,44247
2024-02-07,43088
2024-02-06,42648
2024-02-05,42599
2024-02-04,42977
2024-02-03,43171
2024-02-02,43069
2024-02-01,42583
2024-01-31,42892
2024-01-30,43268
2024-01-29,42027
2024-01-28,42120
2024-01-27,41863
2024-01-26,39938
2024-01-25,40124
2024-01-24,39833
2024-01-23,39505
2024-01-22,41542
2024-01-21,41626
2024-01-20,41601
2024-01-19,41261
2024-01-18,42714
2024-01-17,43148
2024-01-16,42587
2024-01-15,41801
2024-01-14,42848
2024-01-13,42894
2024-01-12,46314
2024-01-11,46632
2024-01-10,46106
2024-01-09,46936
2024-01-08,43884
2024-01-07,43956
2024-01-06,44114
2024-01-05,44196
2024-01-04,42822
2024-01-03,44995
2024-01-02,44169
2024-01-01,42208
2023-12-31,42221
2023-12-30,42075
2023-12-29,42601
2023-12-28,43418
2023-12-27,42516
2023-12-26,43638
2023-12-25,43035
2023-12-24,43752
2023-12-23,44004
2023-12-22,43850
2023-12-21,43634
2023-12-20,42250
2023-12-19,42684
2023-12-18,41411
2023-12-17,42247
2023-12-16,41992
2023-12-15,43010
2023-12-14,42932
2023-12-13,41451
2023-12-12,41201
2023-12-11,43758
2023-12-10,43745
2023-12-09,44202
2023-12-08,43270
2023-12-07,43788
2023-12-06,44106
2023-12-05,41974
2023-12-04,39960
2023-12-03,39482
2023-12-02,38688
2023-12-01,37712
2023-11-30,37810
2023-11-29,37802
2023-11-28,37250
2023-11-27,37492
2023-11-26,37810
2023-11-25,37739
2023-11-24,37293
2023-11-23,37465
2023-11-22,35965
2023-11-21,37489
2023-11-20,37414
2023-11-19,36582
2023-11-18,36528
2023-11-17,36202
2023-11-16,37904
2023-11-15,35545
2023-11-14,36549
2023-11-13,37068
2023-11-12,37123
2023-11-11,37344
2023-11-10,36768
2023-11-09,35795
2023-11-08,35437
2023-11-07,35031
2023-11-06,35062
2023-11-05,35048
2023-11-04,34731
2023-11-03,34924
2023-11-02,35457
2023-11-01,34672
2023-10-31,34499
2023-10-30,34556
2023-10-29,34093
2023-10-28,33899
2023-10-27,34174
2023-10-26,34472
2023-10-25,33847
2023-10-24,32953
2023-10-23,30019
2023-10-22,29920
2023-10-21,29677
2023-10-20,28716
2023-10-19,28328
2023-10-18,28418
2023-10-17,28513
2023-10-16,27150
2023-10-15,26863
2023-10-14,26841
2023-10-13,26729
2023-10-12,26842
2023-10-11,27392
2023-10-10,27594
2023-10-09,27948
2023-10-08,27978
2023-10-07,27958
2023-10-06,27436
2023-10-05,27792
2023-10-04,27439
2023-10-03,27615
2023-10-02,27968
2023-10-01,26970
2023-09-30,26917
2023-09-29,27009
2023-09-28,26350
2023-09-27,26205
2023-09-26,26299
2023-09-25,26250
2023-09-24,26574
2023-09-23,26572
2023-09-22,26561
2023-09-21,27116
2023-09-20,27219
2023-09-19,26741
2023-09-18,26521
2023-09-17,26558
2023-09-16,26635
2023-09-15,26531
2023-09-14,26223
2023-09-13,25867
2023-09-12,25133
2023-09-11,25835
2023-09-10,25889
2023-09-09,25907
2023-09-08,26192
2023-09-07,25753
2023-09-06,25784
2023-09-05,25829
2023-09-04,25960
2023-09-03,25854
2023-09-02,25812
2023-09-01,25927
2023-08-31,27297
2023-08-30,27731
2023-08-29,26109
2023-08-28,26083
2023-08-27,26002
2023-08-26,26044
2023-08-25,26135
2023-08-24,26450
2023-08-23,26034
2023-08-22,26119
2023-08-21,26161
2023-08-20,26105
2023-08-19,26043
2023-08-18,26502
2023-08-17,28754
2023-08-16,29170
2023-08-15,29401
2023-08-14,29285
2023-08-13,29412
2023-08-12,29397
2023-08-11,29424
2023-08-10,29585
2023-08-09,29780
2023-08-08,29178
2023-08-07,29044
2023-08-06,29047
2023-08-05,29088
2023-08-04,29176
2023-08-03,29147
2023-08-02,29537
2023-08-01,29233
2023-07-31,29278
2023-07-30,29357
2023-07-29,29314
2023-07-28,29200
2023-07-27,29364
2023-07-26,29223
2023-07-25,29185
2023-07-24,30058
2023-07-23,29710
2023-07-22,29915
2023-07-21,29787
2023-07-20,29920
2023-07-19,29848
2023-07-18,30148
2023-07-17,30237
2023-07-16,30298
2023-07-15,30312
2023-07-14,31446
2023-07-13,30407
2023-07-12,30621
2023-07-11,30394
2023-07-10,30170
2023-07-09,30264
2023-07-08,30315
2023-07-07,29990
2023-07-06,30485
2023-07-05,30776
2023-07-04,31135
2023-07-03,30572
2023-07-02,30584
2023-07-01,30481
2023-06-30,30467
2023-06-29,30083
2023-06-28,30694
2023-06-27,30286
2023-06-26,30455
2023-06-25,30538
2023-06-24,30629
2023-06-23,29936
2023-06-22,30102
2023-06-21,28331
2023-06-20,26779
2023-06-19,26333
2023-06-18,26501
2023-06-17,26327
2023-06-16,25565
2023-06-15,25108
2023-06-14,25872
2023-06-13,25910
2023-06-12,25917
2023-06-11,25858
2023-06-10,26470
2023-06-09,26508
2023-06-08,26346
2023-06-07,27217
2023-06-06,25793
2023-06-05,27315
2023-06-04,27066
2023-06-03,27248
2023-06-02,26824
2023-06-01,27245
2023-05-31,27714
2023-05-30,27760
2023-05-29,28110
2023-05-28,26848
2023-05-27,26718
2023-05-26,26476
2023-05-25,26339
2023-05-24,27223
2023-05-23,26870
2023-05-22,26774
2023-05-21,27094
2023-05-20,26884
2023-05-19,26843
2023-05-18,27390
2023-05-17,27023
2023-05-16,27228
2023-05-15,26912
2023-05-14,26798
2023-05-13,26788
2023-05-12,27025
2023-05-11,27640
2023-05-10,27607
2023-05-09,27697
2023-05-08,28611
2023-05-07,28888
2023-05-06,29520
2023-05-05,28846
2023-05-04,28988
2023-05-03,28654
2023-05-02,28126
2023-05-01,29362
2023-04-30,29218
2023-04-29,29340
2023-04-28,29484
2023-04-27,28352
2023-04-26,28351
2023-04-25,27512
2023-04-24,27607
2023-04-23,27862
2023-04-22,27300
2023-04-21,28256
2023-04-20,28833
2023-04-19,30366
2023-04-18,29467
2023-04-17,30305
2023-04-16,30312
2023-04-15,30468
2023-04-14,30405
2023-04-13,29904
2023-04-12,30261
2023-04-11,29658
2023-04-10,28351
2023-04-09,27968
2023-04-08,27934
2023-04-07,28043
2023-04-06,28197
2023-04-05,28175
2023-04-04,27815
2023-04-03,28237
2023-04-02,28499
2023-04-01,28517
2023-03-31,28041
2023-03-30,28395
2023-03-29,27291
2023-03-28,27182
2023-03-27,28048
2023-03-26,27670
2023-03-25,27595
2023-03-24,28460
2023-03-23,27449
2023-03-22,28264
2023-03-21,27929
2023-03-20,28187
2023-03-19,27108
2023-03-18,27467
2023-03-17,25161
2023-03-16,24471
2023-03-15,24759
2023-03-14,24179
2023-03-13,22096
2023-03-12,20522
2023-03-11,20195
2023-03-10,20376
2023-03-09,21713
2023-03-08,22217
2023-03-07,22415
2023-03-06,22422
2023-03-05,22348
2023-03-04,22367
2023-03-03,23464
2023-03-02,23634
2023-03-01,23156
2023-02-28,23518
2023-02-27,23541
2023-02-26,23157
2023-02-25,23172
2023-02-24,23951
2023-02-23,24146
2023-02-22,24417
2023-02-21,24787
2023-02-20,24284
2023-02-19,24643
2023-02-18,24629
2023-02-17,23757
2023-02-16,24308
2023-02-15,22220
2023-02-14,21808
2023-02-13,21780
2023-02-12,21889
2023-02-11,21630
2023-02-10,21821
2023-02-09,22948
2023-02-08,23295
2023-02-07,22786
2023-02-06,22946
2023-02-05,23340
2023-02-04,23452
2023-02-03,23540
2023-02-02,23725
2023-02-01,23137
2023-01-31,22840
2023-01-30,23797
2023-01-29,23022
2023-01-28,23083
2023-01-27,23025
2023-01-26,23180
2023-01-25,22610
2023-01-24,22985
2023-01-23,22737
2023-01-22,22771
2023-01-21,22706
2023-01-20,21082
2023-01-19,20727
2023-01-18,21157
2023-01-17,21175
2023-01-16,20853
2023-01-15,21019
2023-01-14,19942
2023-01-13,18867
2023-01-12,17997
2023-01-11,17437
2023-01-10,17195
2023-01-09,17075
2023-01-08,16951
2023-01-07,16960
2023-01-06,16832
2023-01-05,16855
2023-01-04,16678
2023-01-03,16674
2023-01-02,16616
2023-01-01,16541
2022-12-31,16604
2022-12-30,16644
2022-12-29,16539
2022-12-28,16702
2022-12-27,16900
2022-12-26,16842
2022-12-25,16849
2022-12-24,16791
2022-12-23,16825
2022-12-22,16817
2022-12-21,16899
2022-12-20,16423
2022-12-19,16743
2022-12-18,16806
2022-12-17,16624
2022-12-16,17338
2022-12-15,17809
2022-12-14,17784
2022-12-13,17180
2022-12-12,17101
2022-12-11,17125
2022-12-10,17150
2022-12-09,17235
2022-12-08,16851
2022-12-07,17086
2022-12-06,16973
2022-12-05,17150
2022-12-04,16923
2022-12-03,17085
2022-12-02,16973
2022-12-01,17187
2022-11-30,16442
2022-11-29,16222
2022-11-28,16459
2022-11-27,16456
2022-11-26,16524
2022-11-25,16596
2022-11-24,16608
2022-11-23,16172
2022-11-22,15814
2022-11-21,16304
2022-11-20,16713
2022-11-19,16707
2022-11-18,16718
2022-11-17,16689
2022-11-16,16891
2022-11-15,16646
2022-11-14,16344
2022-11-13,16798
2022-11-12,17080
2022-11-11,17595
2022-11-10,15742
2022-11-09,18562
2022-11-08,20598
2022-11-07,20907
2022-11-06,21283
2022-11-05,21150
2022-11-04,20211
2022-11-03,20163
2022-11-02,20490
2022-11-01,20495
2022-10-31,20624
2022-10-30,20801
2022-10-29,20591
2022-10-28,20278
2022-10-27,20774
2022-10-26,20095
2022-10-25,19317
2022-10-24,19575
2022-10-23,19204
2022-10-22,19173
2022-10-21,19031
2022-10-20,19134
2022-10-19,19348
2022-10-18,19558
2022-10-17,19273
2022-10-16,19073
2022-10-15,19198
2022-10-14,19384
2022-10-13,19153
2022-10-12,19059
2022-10-11,19143
2022-10-10,19448
2022-10-09,19418
2022-10-08,19457
2022-10-07,19949
2022-10-06,20162
2022-10-05,20345
2022-10-04,19621
2022-10-03,19065
2022-10-02,19314
2022-10-01,19477
2022-09-30,19564
2022-09-29,19445
2022-09-28,19116
2022-09-27,19220
2022-09-26,18809
2022-09-25,18940
2022-09-24,19292
2022-09-23,19464
2022-09-22,18540
2022-09-21,18870
2022-09-20,19570
2022-09-19,19437
2022-09-18,20132
2022-09-17,19764
2022-09-16,19702
2022-09-15,20256
2022-09-14,20185
2022-09-13,22340
2022-09-12,21740
2022-09-11,21707
2022-09-10,21360
2022-09-09,19323
2022-09-08,19281
2022-09-07,18860
2022-09-06,19786
2022-09-05,19980
2022-09-04,19815
2022-09-03,19941
2022-09-02,20154
2022-09-01,20024
2022-08-31,19805
2022-08-30,20309
2022-08-29,19659
2022-08-28,20070
2022-08-27,20271
2022-08-26,21618
2022-08-25,21395
2022-08-24,21562
2022-08-23,21388
2022-08-22,21616
2022-08-21,21175
2022-08-20,20946
2022-08-19,23248
2022-08-18,23359
2022-08-17,23913
2022-08-16,24179
2022-08-15,24313
2022-08-14,24434
2022-08-13,24411
2022-08-12,23949
2022-08-11,23949
2022-08-10,23204
2022-08-09,23824
2022-08-08,23198
2022-08-07,22985
2022-08-06,23225
2022-08-05,22678
2022-08-04,22860
2022-08-03,23054
2022-08-02,23334
2022-08-01,23380
2022-07-31,23653
2022-07-30,23848
2022-07-29,23822
2022-07-28,22909
2022-07-27,21236
2022-07-26,21330
2022-07-25,22614
2022-07-24,22506
2022-07-23,22697
2022-07-22,23155
2022-07-21,23313
2022-07-20,23367
2022-07-19,22395
2022-07-18,20824
2022-07-17,21193
2022-07-16,20795
2022-07-15,20575
2022-07-14,20225
2022-07-13,19351
2022-07-12,19998
2022-07-11,20860
2022-07-10,21590
2022-07-09,21859
2022-07-08,21661
2022-07-07,20567
2022-07-06,20189
2022-07-05,20257
2022-07-04,19310
2022-07-03,19268
2022-07-02,19407
2022-07-01,19608
2022-06-30,20109
2022-06-29,20283
2022-06-28,20751
2022-06-27,21053
2022-06-26,21526
2022-06-25,21263
2022-06-24,21100
2022-06-23,19984
2022-06-22,20701
2022-06-21,20637
2022-06-20,20516
2022-06-19,19047
2022-06-18,20473
2022-06-17,20409
2022-06-16,22529
2022-06-15,22245
2022-06-14,22526
2022-06-13,26767
2022-06-12,28374
2022-06-11,29101
2022-06-10,30101
2022-06-09,30229
2022-06-08,31265
2022-06-07,31373
2022-06-06,29918
2022-06-05,29872
2022-06-04,29714
2022-06-03,30481
2022-06-02,29833
2022-06-01,31866
2022-05-31,31741
2022-05-30,29493
2022-05-29,29088
2022-05-28,28647
2022-05-27,29347
2022-05-26,29585
2022-05-25,29655
2022-05-24,29163
2022-05-23,30351
2022-05-22,29492
2022-05-21,29257
2022-05-20,30382
2022-05-19,28772
2022-05-18,30502
2022-05-17,29924
2022-05-16,31319
2022-05-15,30189
2022-05-14,29311
2022-05-13,29126
2022-05-12,28913
2022-05-11,31027
2022-05-10,30270
2022-05-09,34070
2022-05-08,35573
2022-05-07,36116
2022-05-06,36612
2022-05-05,39699
2022-05-04,37758
2022-05-03,38562
2022-05-02,38538
2022-05-01,37821
2022-04-30,38651
2022-04-29,39742
2022-04-28,39238
2022-04-27,38134
2022-04-26,40489
2022-04-25,39469
2022-04-24,39562
2022-04-23,39757
2022-04-22,40529
2022-04-21,41397
2022-04-20,41498
2022-04-19,40834
2022-04-18,39739
2022-04-17,40450
2022-04-16,40587
2022-04-15,39959
2022-04-14,41205
2022-04-13,40206
2022-04-12,39604
2022-04-11,42275
2022-04-10,42796
2022-04-09,42316
2022-04-08,43515
2022-04-07,43199
2022-04-06,45635
2022-04-05,46623
2022-04-04,46435
2022-04-03,45842
2022-04-02,46270
2022-04-01,45528
2022-03-31,47063
2022-03-30,47459
2022-03-29,46995
2022-03-28,46715
2022-03-27,44511
2022-03-26,44332
2022-03-25,43936
2022-03-24,42802
2022-03-23,42402
2022-03-22,41062
2022-03-21,41283
2022-03-20,42202
2022-03-19,41837
2022-03-18,41002
2022-03-17,41166
2022-03-16,39332
2022-03-15,39669
2022-03-14,37853
2022-03-13,38904
2022-03-12,38775
2022-03-11,39468
2022-03-10,41986
2022-03-09,38733
2022-03-08,38076
2022-03-07,38443
2022-03-06,39463
2022-03-05,39200
2022-03-04,42492
2022-03-03,43981
2022-03-02,44460
2022-03-01,43225
2022-02-28,37804
2022-02-27,39090
2022-02-26,39316
2022-02-25,38363
2022-02-24,37372
2022-02-23,38337
2022-02-22,37060
2022-02-21,38514
2022-02-20,40193
2022-02-19,40073
2022-02-18,40563
2022-02-17,44063
2022-02-16,44574
2022-02-15,42635
2022-02-14,42248
2022-02-13,42255
2022-02-12,42445
2022-02-11,43628
2022-02-10,44384
2022-02-09,44184
2022-02-08,43911
2022-02-07,42476
2022-02-06,41494
2022-02-05,41674
2022-02-04,37101
2022-02-03,37001
2022-02-02,38836
2022-02-01,38556
2022-01-31,37983
2022-01-30,38232
2022-01-29,37853
2022-01-28,37277
2022-01-27,36870
2022-01-26,36989
2022-01-25,36774
2022-01-24,36306
2022-01-23,35180
2022-01-22,36509
2022-01-21,40708
2022-01-20,41750
2022-01-19,42395
2022-01-18,42298
2022-01-17,43120
2022-01-16,43227
2022-01-15,43121
2022-01-14,42608
2022-01-13,43982
2022-01-12,42777
2022-01-11,41870
2022-01-10,41862
2022-01-09,41757
2022-01-08,41527
2022-01-07,43216
2022-01-06,43647
2022-01-05,45938
2022-01-04,46531
2022-01-03,47387
2022-01-02,47816
2022-01-01,46320
2021-12-31,47192
2021-12-30,46507
2021-12-29,47725
2021-12-28,50774
2021-12-27,50853
2021-12-26,50663
2021-12-25,50889
2021-12-24,50901
2021-12-23,48756
2021-12-22,49145
2021-12-21,47117
2021-12-20,46807
2021-12-19,46970
2021-12-18,46329
2021-12-17,47695
2021-12-16,48937
2021-12-15,48411
2021-12-14,46696
2021-12-13,50051
2021-12-12,49242
2021-12-11,47304
2021-12-10,47886
2021-12-09,50530
2021-12-08,50648
2021-12-07,50462
2021-12-06,49268
2021-12-05,49162
2021-12-04,53786
2021-12-03,56508
2021-12-02,57169
2021-12-01,57011
2021-11-30,57849
2021-11-29,57238
2021-11-28,54533
2021-11-27,53828
2021-11-26,58898
2021-11-25,57198
2021-11-24,57749
2021-11-23,56387
2021-11-22,59140
2021-11-21,60083
2021-11-20,58459
2021-11-19,56987
2021-11-18,60604
2021-11-17,60449
2021-11-16,63934
2021-11-15,65649
2021-11-14,64660
2021-11-13,64432
2021-11-12,65006
2021-11-11,65061
2021-11-10,67145
2021-11-09,67617
2021-11-08,63153
2021-11-07,61661
2021-11-06,61247
2021-11-05,61602
2021-11-04,63131
2021-11-03,63247
2021-11-02,61122
2021-11-01,61472
2021-10-31,61837
2021-10-30,62283
2021-10-29,60768
2021-10-28,58641
2021-10-27,60604
2021-10-26,63228
2021-10-25,61173
2021-10-24,61572
2021-10-23,61029
2021-10-22,62541
2021-10-21,66238
2021-10-20,64518
2021-10-19,62018
2021-10-18,61584
2021-10-17,61166
2021-10-16,61809
2021-10-15,57452
2021-10-14,57488
2021-10-13,56335
2021-10-12,57573
2021-10-11,54712
2021-10-10,55125
2021-10-09,54011
2021-10-08,53895
2021-10-07,55415
2021-10-06,51669
2021-10-05,49260
2021-10-04,48283
2021-10-03,47778
2021-10-02,48182
2021-10-01,43859
2021-09-30,41588
2021-09-29,41010
2021-09-28,42247
2021-09-27,43337
2021-09-26,42857
2021-09-25,42752
2021-09-24,44981
2021-09-23,43587
2021-09-22,40387
2021-09-21,42933
2021-09-20,47371
2021-09-19,48267
2021-09-18,47229
2021-09-17,47879
2021-09-16,48187
2021-09-15,47135
2021-09-14,45140
2021-09-13,46195
2021-09-12,45196
2021-09-11,44803
2021-09-10,46519
2021-09-09,46085
2021-09-08,46995
2021-09-07,52740
2021-09-06,51696
2021-09-05,50013
2021-09-04,49935
2021-09-03,49339
2021-09-02,48823
2021-09-01,47335
2021-08-31,47124
2021-08-30,48907
2021-08-29,48937
2021-08-28,49083
2021-08-27,47229
2021-08-26,49003
2021-08-25,47941
2021-08-24,49519
2021-08-23,49251
2021-08-22,48934
2021-08-21,49196
2021-08-20,46745
2021-08-19,45015
2021-08-18,44534
2021-08-17,46032
2021-08-16,47025
2021-08-15,47089
2021-08-14,47717
2021-08-13,44495
2021-08-12,45652
2021-08-11,45640
2021-08-10,46311
2021-08-09,43753
2021-08-08,44648
2021-08-07,42802
2021-08-06,40825
2021-08-05,39752
2021-08-04,38368
2021-08-03,39279
2021-08-02,39915
2021-08-01,41754
2021-07-31,41936
2021-07-30,39978
2021-07-29,40031
2021-07-28,39077
2021-07-27,37282
2021-07-26,35456
2021-07-25,34214
2021-07-24,33456
2021-07-23,32409
2021-07-22,32384
2021-07-21,29972
2021-07-20,30928
2021-07-19,31919
2021-07-18,31589
2021-07-17,31400
2021-07-16,31726
2021-07-15,32879
2021-07-14,32676
2021-07-13,33263
2021-07-12,34300
2021-07-11,33705
2021-07-10,33971
2021-07-09,32934
2021-07-08,33932
2021-07-07,34150
2021-07-06,33928
2021-07-05,35394
2021-07-04,34730
2021-07-03,33951
2021-07-02,33678
2021-07-01,35171
2021-06-30,35969
2021-06-29,34557
2021-06-28,34607
2021-06-27,32024
2021-06-26,31943
2021-06-25,34675
2021-06-24,33703
2021-06-23,32508
2021-06-22,31712
2021-06-21,35787
2021-06-20,35582
2021-06-19,35881
2021-06-18,38194
2021-06-17,38321
2021-06-16,40378
2021-06-15,40625
2021-06-14,39148
2021-06-13,35666
2021-06-12,37289
2021-06-11,36903
2021-06-10,37554
2021-06-09,33557
2021-06-08,33451
2021-06-07,35834
2021-06-06,35547
2021-06-05,36939
2021-06-04,39151
2021-06-03,37686
2021-06-02,36680
2021-06-01,37341
2021-05-31,35715
2021-05-30,34775
2021-05-29,35710
2021-05-28,38643
2021-05-27,39407
2021-05-26,38211
2021-05-25,38642
2021-05-24,34978
2021-05-23,37520
2021-05-22,37340
2021-05-21,40438
2021-05-20,37287
2021-05-19,43091
2021-05-18,43781
2021-05-17,46585
2021-05-16,46781
2021-05-15,49913
2021-05-14,49973
2021-05-13,50005
2021-05-12,56929
2021-05-11,55902
2021-05-10,58214
2021-05-09,58772
2021-05-08,57362
2021-05-07,56508
2021-05-06,57432
2021-05-05,53464
2021-05-04,57200
2021-05-03,56601
2021-05-02,57813
2021-05-01,57829
2021-04-30,53597
2021-04-29,54811
2021-04-28,54992
2021-04-27,53979
2021-04-26,48981
2021-04-25,50133
2021-04-24,51191
2021-04-23,51966
2021-04-22,54190
2021-04-21,56295
2021-04-20,55721
2021-04-19,56289
2021-04-18,60274
2021-04-17,61497
2021-04-16,63180
2021-04-15,62807
2021-04-14,63577
2021-04-13,59911
2021-04-12,59988
2021-04-11,59979
2021-04-10,58153
2021-04-09,58066
2021-04-08,56134
2021-04-07,58062
2021-04-06,58707
2021-04-05,58229
2021-04-04,57060
2021-04-03,59060
2021-04-02,58801
2021-04-01,58817
2021-03-31,58669
2021-03-30,57635
2021-03-29,55728
2021-03-28,55832
2021-03-27,55033
2021-03-26,51417
2021-03-25,52527
2021-03-24,54585
2021-03-23,54370
2021-03-22,57574
2021-03-21,58376
2021-03-20,58243
2021-03-19,57922
2021-03-18,59015
2021-03-17,56830
2021-03-16,55805
2021-03-15,59429
2021-03-14,61315
2021-03-13,57354
2021-03-12,57789
2021-03-11,56020
2021-03-10,54700
2021-03-09,52329
2021-03-08,51313
2021-03-07,49019
2021-03-06,49092
2021-03-05,48727
2021-03-04,50577
2021-03-03,48532
2021-03-02,49787
2021-03-01,44970
2021-02-28,46654
2021-02-27,46551
2021-02-26,46993
2021-02-25,49849
2021-02-24,48692
2021-02-23,54411
2021-02-22,57669
2021-02-21,56378
2021-02-20,56039
2021-02-19,51733
2021-02-18,52144
2021-02-17,49238
2021-02-16,47898
2021-02-15,48608
2021-02-14,46941
2021-02-13,47414
2021-02-12,47816
2021-02-11,44849
2021-02-10,46570
2021-02-09,46308
2021-02-08,38833
2021-02-07,39279
2021-02-06,38008
2021-02-05,36817
2021-02-04,37495
2021-02-03,35486
2021-02-02,33406
2021-02-01,33065
2021-01-31,34200
2021-01-30,34151
2021-01-29,33128
2021-01-28,30446
2021-01-27,32582
2021-01-26,32375
2021-01-25,32274
2021-01-24,32068
2021-01-23,32958
2021-01-22,30914
2021-01-21,35587
2021-01-20,36105
2021-01-19,36595
2021-01-18,35804
2021-01-17,36255
2021-01-16,36788
2021-01-15,39233
2021-01-14,37456
2021-01-13,33938
2021-01-12,35670
2021-01-11,38398
2021-01-10,40297
2021-01-09,40816
2021-01-08,39547
2021-01-07,36934
2021-01-06,34082
2021-01-05,31516
2021-01-04,33008
2021-01-03,32164
2021-01-02,29352
2021-01-01,29022
2020-12-31,28837
2020-12-30,27425
2020-12-29,27125
2020-12-28,26423
2020-12-27,26476
2020-12-26,24671
2020-12-25,23760
2020-12-24,23308
2020-12-23,23795
2020-12-22,22841
2020-12-21,23518
2020-12-20,23864
2020-12-19,23121
2020-12-18,22806
2020-12-17,21318
2020-12-16,19432
2020-12-15,19260
2020-12-14,19151
2020-12-13,18807
2020-12-12,18058
2020-12-11,18262
2020-12-10,18565
2020-12-09,18337
2020-12-08,19199
2020-12-07,19326
2020-12-06,19139
2020-12-05,18711
2020-12-04,19435
2020-12-03,19208
2020-12-02,18857
2020-12-01,19610
2020-11-30,18170
2020-11-29,17719
2020-11-28,17140
2020-11-27,17138
2020-11-26,18753
2020-11-25,19092
2020-11-24,18361
2020-11-23,18391
2020-11-22,18690
2020-11-21,18629
2020-11-20,17820
2020-11-19,17830
2020-11-18,17652
2020-11-17,16714
2020-11-16,15985
2020-11-15,16096
2020-11-14,16327
2020-11-13,16265
2020-11-12,15687
2020-11-11,15279
2020-11-10,15335
2020-11-09,15496
2020-11-08,14818
2020-11-07,15548
2020-11-06,15553
2020-11-05,14102
2020-11-04,13990
2020-11-03,13558
2020-11-02,13720
2020-11-01,13779
2020-10-31,13537
2020-10-30,13442
2020-10-29,13283
2020-10-28,13655
2020-10-27,13061
2020-10-26,13021
2020-10-25,13106
2020-10-24,12928
2020-10-23,12951
2020-10-22,12806
2020-10-21,11909
2020-10-20,11752
2020-10-19,11496
2020-10-18,11366
2020-10-17,11319
2020-10-16,11496
2020-10-15,11436
2020-10-14,11426
2020-10-13,11543
2020-10-12,11378
2020-10-11,11287
2020-10-10,11063
2020-10-09,10889
2020-10-08,10668
2020-10-07,10606
2020-10-06,10785
2020-10-05,10671
2020-10-04,10547
2020-10-03,10573
2020-10-02,10628
2020-10-01,10771
2020-09-30,10838
2020-09-29,10672
2020-09-28,10765
2020-09-27,10743
2020-09-26,10682
2020-09-25,10727
2020-09-24,10224
2020-09-23,10528
2020-09-22,10440
2020-09-21,10923
2020-09-20,11084
2020-09-19,10927
2020-09-18,10938
2020-09-17,10952
2020-09-16,10788
2020-09-15,10661
2020-09-14,10329
2020-09-13,10439
2020-09-12,10378
2020-09-11,10342
2020-09-10,10230
2020-09-09,10125
2020-09-08,10359
2020-09-07,10260
2020-09-06,10178
2020-09-05,10484
2020-09-04,10197
2020-09-03,11418
2020-09-02,11895
2020-09-01,11672
2020-08-31,11701
2020-08-30,11481
2020-08-29,11519
2020-08-28,11300
2020-08-27,11465
2020-08-26,11351
2020-08-25,11759
2020-08-24,11648
2020-08-23,11676
2020-08-22,11515
2020-08-21,11862
2020-08-20,11733
2020-08-19,11950
2020-08-18,12272
2020-08-17,11902
2020-08-16,11865
2020-08-15,11777
2020-08-14,11817
2020-08-13,11580
2020-08-12,11399
2020-08-11,11863
2020-08-10,11683
2020-08-09,11739
2020-08-08,11571
2020-08-07,11768
2020-08-06,11719
2020-08-05,11182
2020-08-04,11231
2020-08-03,11066
2020-08-02,11812
2020-08-01,11326
2020-07-31,11116
2020-07-30,11094
2020-07-29,10905
2020-07-28,10962
2020-07-27,9926
2020-07-26,9692
2020-07-25,9536
2020-07-24,9590
2020-07-23,9514
2020-07-22,9384
2020-07-21,9163
2020-07-20,9203
2020-07-19,9168
2020-07-18,9156
2020-07-17,9136
2020-07-16,9203
2020-07-15,9247
2020-07-14,9241
2020-07-13,9297
2020-07-12,9234
2020-07-11,9283
2020-07-10,9236
2020-07-09,9432
2020-07-08,9254
2020-07-07,9342
2020-07-06,9087
2020-07-05,9133
2020-07-04,9071
2020-07-03,9094
2020-07-02,9231
2020-07-01,9150
2020-06-30,9185
2020-06-29,9140
2020-06-28,9014
2020-06-27,9166
2020-06-26,9259
2020-06-25,9288
2020-06-24,9625
2020-06-23,9679
2020-06-22,9298
2020-06-21,9360
2020-06-20,9313
2020-06-19,9400
2020-06-18,9463
2020-06-17,9525
2020-06-16,9432
2020-06-15,9346
2020-06-14,9469
2020-06-13,9470
2020-06-12,9326
2020-06-11,9875
2020-06-10,9767
2020-06-09,9773
2020-06-08,9739
2020-06-07,9663
2020-06-06,9637
2020-06-05,9776
2020-06-04,9645
2020-06-03,9515
2020-06-02,10168
2020-06-01,9467
2020-05-31,9663
2020-05-30,9427
2020-05-29,9546
2020-05-28,9174
2020-05-27,8839
2020-05-26,8884
2020-05-25,8732
2020-05-24,9170
2020-05-23,9132
2020-05-22,9060
2020-05-21,9527
2020-05-20,9760
2020-05-19,9708
2020-05-18,9666
2020-05-17,9375
2020-05-16,9309
2020-05-15,9796
2020-05-14,9283
2020-05-13,8788
2020-05-12,8605
2020-05-11,8753
2020-05-10,9567
2020-05-09,9822
2020-05-08,9959
2020-05-07,9145
2020-05-06,9003
2020-05-05,8884
2020-05-04,8889
2020-05-03,8966
2020-05-02,8825
2020-05-01,8611
2020-04-30,8744
2020-04-29,7758
2020-04-28,7774
2020-04-27,7684
2020-04-26,7539
2020-04-25,7495
2020-04-24,7383
2020-04-23,7110
2020-04-22,6842
2020-04-21,6856
2020-04-20,7128
2020-04-19,7243
2020-04-18,7035
2020-04-17,7060
2020-04-16,6629
2020-04-15,6860
2020-04-14,6858
2020-04-13,6913
2020-04-12,6879
2020-04-11,6865
2020-04-10,7294
2020-04-09,7342
2020-04-08,7197
2020-04-07,7298
2020-04-06,6788
2020-04-05,6859
2020-04-04,6733
2020-04-03,6808
2020-04-02,6641
2020-04-01,6422
2020-03-31,6403
2020-03-30,5915
2020-03-29,6255
2020-03-28,6398
2020-03-27,6766
2020-03-26,6696
2020-03-25,6730
2020-03-24,6456
2020-03-23,5860
2020-03-22,6146
2020-03-21,6196
2020-03-20,6170
2020-03-19,5376
2020-03-18,5389
2020-03-17,5033
2020-03-16,5398
2020-03-15,5214
2020-03-14,5543
2020-03-13,5143
2020-03-12,7936
2020-03-11,7907
2020-03-10,7921
2020-03-09,8041
2020-03-08,8902
2020-03-07,9136
2020-03-06,9039
2020-03-05,8759
2020-03-04,8757
2020-03-03,8906
2020-03-02,8568
2020-03-01,8553
2020-02-29,8717
2020-02-28,8781
2020-02-27,8802
2020-02-26,9345
2020-02-25,9671
2020-02-24,9947
2020-02-23,9659
2020-02-22,9673
2020-02-21,9608
2020-02-20,9618
2020-02-19,10134
2020-02-18,9724
2020-02-17,9944
2020-02-16,9894
2020-02-15,10320
2020-02-14,10221
2020-02-13,10329
2020-02-12,10227
2020-02-11,9890
2020-02-10,10148
2020-02-09,9891
2020-02-08,9799
2020-02-07,9745
2020-02-06,9592
2020-02-05,9180
2020-02-04,9309
2020-02-03,9338
2020-02-02,9363
2020-02-01,9308
2020-01-31,9510
2020-01-30,9277
2020-01-29,9321
2020-01-28,8879
2020-01-27,8596
2020-01-26,8349
2020-01-25,8432
2020-01-24,8416
2020-01-23,8665
2020-01-22,8725
2020-01-21,8631
2020-01-20,8690
2020-01-19,8907
2020-01-18,8903
2020-01-17,8721
2020-01-16,8821
2020-01-15,8802
2020-01-14,8111
2020-01-13,8171
2020-01-12,8012
2020-01-11,8181
2020-01-10,7833
2020-01-09,8046
2020-01-08,8147
2020-01-07,7735
2020-01-06,7350
2020-01-05,7351
2020-01-04,7300
2020-01-03,6964
2020-01-02,7194
2020-01-01,7195
2019-12-31,7240
2019-12-30,7394
2019-12-29,7308
2019-12-28,7248
2019-12-27,7208
2019-12-26,7204
2019-12-25,7267
2019-12-24,7335
2019-12-23,7488
2019-12-22,7142
2019-12-21,7185
2019-12-20,7153
2019-12-19,7275
2019-12-18,6627
2019-12-17,6901
2019-12-16,7109
2019-12-15,7082
2019-12-14,7247
2019-12-13,7201
2019-12-12,7197
2019-12-11,7234
2019-12-10,7347
2019-12-09,7508
2019-12-08,7494
2019-12-07,7531
2019-12-06,7374
2019-12-05,7210
2019-12-04,7286
2019-12-03,7309
2019-12-02,7406
2019-12-01,7556
2019-11-30,7721
2019-11-29,7439
2019-11-28,7484
2019-11-27,7158
2019-11-26,7118
2019-11-25,6936
2019-11-24,7310
2019-11-23,7293
2019-11-22,7632
2019-11-21,8096
2019-11-20,8139
2019-11-19,8203
2019-11-18,8508
2019-11-17,8496
2019-11-16,8480
2019-11-15,8652
2019-11-14,8771
2019-11-13,8807
2019-11-12,8730
2019-11-11,9044
2019-11-10,8810
2019-11-09,8796
2019-11-08,9221
2019-11-07,9340
2019-11-06,9300
2019-11-05,9379
2019-11-04,9204
2019-11-03,9303
2019-11-02,9233
2019-11-01,9152
2019-10-31,9172
2019-10-30,9407
2019-10-29,9240
2019-10-28,9502
2019-10-27,9217
2019-10-26,8652
2019-10-25,7434
2019-10-24,7469
2019-10-23,8045
2019-10-22,8221
2019-10-21,8208
2019-10-20,7950
2019-10-19,7957
2019-10-18,8080
2019-10-17,8010
2019-10-16,8176
2019-10-15,8347
2019-10-14,8289
2019-10-13,8308
2019-10-12,8278
2019-10-11,8562
2019-10-10,8573
2019-10-09,8181
2019-10-08,8182
2019-10-07,7890
2019-10-06,8140
2019-10-05,8157
2019-10-04,8176
2019-10-03,8350
2019-10-02,8367
2019-10-01,8271
2019-09-30,8064
2019-09-29,8225
2019-09-28,8183
2019-09-27,8099
2019-09-26,8446
2019-09-25,8703
2019-09-24,9700
2019-09-23,10041
2019-09-22,9997
2019-09-21,10178
2019-09-20,10253
2019-09-19,10159
2019-09-18,10203
2019-09-17,10268
2019-09-16,10306
2019-09-15,10350
2019-09-14,10356
2019-09-13,10401
2019-09-12,10151
2019-09-11,10121
2019-09-10,10322
2019-09-09,10404
2019-09-08,10462
2019-09-07,10351
2019-09-06,10570
2019-09-05,10574
2019-09-04,10620
2019-09-03,10323
2019-09-02,9729
2019-09-01,9607
2019-08-31,9589
2019-08-30,9485
2019-08-29,9753
2019-08-28,10168
2019-08-27,10335
2019-08-26,10090
2019-08-25,10145
2019-08-24,10386
2019-08-23,10128
2019-08-22,10124
2019-08-21,10744
2019-08-20,10896
2019-08-19,10310
2019-08-18,10224
2019-08-17,10325
2019-08-16,10296
2019-08-15,10016
2019-08-14,10904
2019-08-13,11381
2019-08-12,11550
2019-08-11,11328
2019-08-10,11853
2019-08-09,12024
2019-08-08,11971
2019-08-07,11510
2019-08-06,11819
2019-08-05,10952
2019-08-04,10791
2019-08-03,10529
2019-08-02,10361
2019-08-01,10063
2019-07-31,9568
2019-07-30,9511
2019-07-29,9535
2019-07-28,9448
2019-07-27,9846
2019-07-26,9878
2019-07-25,9799
2019-07-24,9936
2019-07-23,10343
2019-07-22,10607
2019-07-21,10774
2019-07-20,10537
2019-07-19,10636
2019-07-18,9657
2019-07-17,9539
2019-07-16,10911
2019-07-15,10285
2019-07-14,11419
2019-07-13,11805
2019-07-12,11385
2019-07-11,12166
2019-07-10,12544
2019-07-09,12260
2019-07-08,11436
2019-07-07,11279
2019-07-06,10987
2019-07-05,11230
2019-07-04,11976
2019-07-03,10823
2019-07-02,10639
2019-07-01,10888
2019-06-30,11973
2019-06-29,12352
2019-06-28,11179
2019-06-27,12996
2019-06-26,11808
2019-06-25,11046
2019-06-24,10846
2019-06-23,10705
2019-06-22,10118
2019-06-21,9548
2019-06-20,9286
2019-06-19,9094
2019-06-18,9313
2019-06-17,8979
2019-06-16,8819
2019-06-15,8672
2019-06-14,8228
2019-06-13,8145
2019-06-12,7898
2019-06-11,8003
2019-06-10,7668
2019-06-09,7943
2019-06-08,8036
2019-06-07,7821
2019-06-06,7812
2019-06-05,7684
2019-06-04,8174
2019-06-03,8744
2019-06-02,8554
2019-06-01,8576
2019-05-31,8311
2019-05-30,8651
2019-05-29,8727
2019-05-28,8816
2019-05-27,8631
2019-05-26,8038
2019-05-25,7977
2019-05-24,7862
2019-05-23,7666
2019-05-22,7958
2019-05-21,7977
2019-05-20,8169
2019-05-19,7301
2019-05-18,7343
2019-05-17,7876
2019-05-16,8192
2019-05-15,7990
2019-05-14,7806
2019-05-13,6954
2019-05-12,7258
2019-05-11,6370
2019-05-10,6168
2019-05-09,5958
2019-05-08,5841
2019-05-07,5716
2019-05-06,5749
2019-05-05,5804
2019-05-04,5731
2019-05-03,5451
2019-05-02,5355
2019-05-01,5293
2019-04-30,5200
2019-04-29,5258
2019-04-28,5257
2019-04-27,5296
2019-04-26,5203
2019-04-25,5452
2019-04-24,5558
2019-04-23,5381
2019-04-22,5311
2019-04-21,5308
2019-04-20,5280
2019-04-19,5275
2019-04-18,5219
2019-04-17,5214
2019-04-16,5040
2019-04-15,5149
2019-04-14,5073
2019-04-13,5082
2019-04-12,5048
2019-04-11,5309
2019-04-10,5172
2019-04-09,5267
2019-04-08,5177
2019-04-07,5042
2019-04-06,5015
2019-04-05,4899
2019-04-04,4956
2019-04-03,4862
2019-04-02,4146
2019-04-01,4104
2019-03-31,4104
2019-03-30,4103
2019-03-29,4028
2019-03-28,4036
2019-03-27,3939
2019-03-26,3928
2019-03-25,3993
2019-03-24,4009
2019-03-23,3989
2019-03-22,3983
2019-03-21,4046
2019-03-20,4014
2019-03-19,3987
2019-03-18,3981
2019-03-17,4008
2019-03-16,3925
2019-03-15,3877
2019-03-14,3866
2019-03-13,3876
2019-03-12,3860
2019-03-11,3924
2019-03-10,3942
2019-03-09,3862
2019-03-08,3872
2019-03-07,3861
2019-03-06,3852
2019-03-05,3713
2019-03-04,3807
2019-03-03,3820
2019-03-02,3816
2019-03-01,3816
2019-02-28,3813
2019-02-27,3809
2019-02-26,3825
2019-02-25,3743
2019-02-24,4115
2019-02-23,3974
2019-02-22,3935
2019-02-21,3977
2019-02-20,3915
2019-02-19,3887
2019-02-18,3665
2019-02-17,3623
2019-02-16,3601
2019-02-15,3590
2019-02-14,3610
2019-02-13,3634
2019-02-12,3631
2019-02-11,3676
2019-02-10,3667
2019-02-09,3664
2019-02-08,3394
2019-02-07,3406
2019-02-06,3470
2019-02-05,3464
2019-02-04,3454
2019-02-03,3487
2019-02-02,3464
2019-02-01,3432
2019-01-31,3458
2019-01-30,3413
2019-01-29,3432
2019-01-28,3553
2019-01-27,3564
2019-01-26,3565
2019-01-25,3566
2019-01-24,3556
2019-01-23,3571
2019-01-22,3531
2019-01-21,3539
2019-01-20,3675
2019-01-19,3598
2019-01-18,3621
2019-01-17,3598
2019-01-16,3568
2019-01-15,3648
2019-01-14,3496
2019-01-13,3598
2019-01-12,3633
2019-01-11,3624
2019-01-10,3982
2019-01-09,3974
2019-01-08,3990
2019-01-07,4014
2019-01-06,3787
2019-01-05,3815
2019-01-04,3777
2019-01-03,3872
2019-01-02,3794
2019-01-01,3693
2018-12-31,3810
2018-12-30,3778
2018-12-29,3854
2018-12-28,3588
2018-12-27,3782
2018-12-26,3759
2018-12-25,4022
2018-12-24,3942
2018-12-23,3961
2018-12-22,3846
2018-12-21,4065
2018-12-20,3688
2018-12-19,3656
2018-12-18,3506
2018-12-17,3217
2018-12-16,3222
2018-12-15,3217
2018-12-14,3295
2018-12-13,3438
2018-12-12,3379
2018-12-11,3434
2018-12-10,3551
2018-12-09,3425
2018-12-08,3409
2018-12-07,3467
2018-12-06,3752
2018-12-05,3944
2018-12-04,3879
2018-12-03,4125
2018-12-02,4190
2018-12-01,4010
2018-11-30,4279
2018-11-29,4267
2018-11-28,3833
2018-11-27,3812
2018-11-26,4040
2018-11-25,3896
2018-11-24,4377
2018-11-23,4307
2018-11-22,4613
2018-11-21,4451
2018-11-20,4889
2018-11-19,5639
2018-11-18,5599
2018-11-17,5610
2018-11-16,5687
2018-11-15,5789
2018-11-14,6394
2018-11-13,6411
2018-11-12,6434
2018-11-11,6430
2018-11-10,6414
2018-11-09,6490
2018-11-08,6575
2018-11-07,6475
2018-11-06,6415
2018-11-05,6351
2018-11-04,6388
2018-11-03,6425
2018-11-02,6380
2018-11-01,6367
2018-10-31,6332
2018-10-30,6293
2018-10-29,6481
2018-10-28,6457
2018-10-27,6469
2018-10-26,6458
2018-10-25,6481
2018-10-24,6473
2018-10-23,6513
2018-10-22,6530
2018-10-21,6533
2018-10-20,6484
2018-10-19,6518
2018-10-18,6636
2018-10-17,6635
2018-10-16,6660
2018-10-15,6329
2018-10-14,6315
2018-10-13,6286
2018-10-12,6234
2018-10-11,6582
2018-10-10,6634
2018-10-09,6653
2018-10-08,6585
2018-10-07,6589
2018-10-06,6621
2018-10-05,6579
2018-10-04,6499
2018-10-03,6525
2018-10-02,6599
2018-10-01,6626
2018-09-30,6606
2018-09-29,6635
2018-09-28,6705
2018-09-27,6463
2018-09-26,6441
2018-09-25,6596
2018-09-24,6711
2018-09-23,6747
2018-09-22,6754
2018-09-21,6492
2018-09-20,6384
2018-09-19,6347
2018-09-18,6250
2018-09-17,6506
2018-09-16,6530
2018-09-15,6500
2018-09-14,6486
2018-09-13,6331
2018-09-12,6279
2018-09-11,6308
2018-09-10,6261
2018-09-09,6181
2018-09-08,6398
2018-09-07,6498
2018-09-06,6765
2018-09-05,7359
2018-09-04,7261
2018-09-03,7305
2018-09-02,7211
2018-09-01,7028
2018-08-31,7024
2018-08-30,7047
2018-08-29,7076
2018-08-28,6911
2018-08-27,6728
2018-08-26,6736
2018-08-25,6684
2018-08-24,6521
2018-08-23,6337
2018-08-22,6467
2018-08-21,6243
2018-08-20,6475
2018-08-19,6382
2018-08-18,6567
2018-08-17,6309
2018-08-16,6268
2018-08-15,6212
2018-08-14,6284
2018-08-13,6318
2018-08-12,6205
2018-08-11,6167
2018-08-10,6531
2018-08-09,6260
2018-08-08,6712
2018-08-07,6926
2018-08-06,7037
2018-08-05,7009
2018-08-04,7412
2018-08-03,7541
2018-08-02,7612
2018-08-01,7738
2018-07-31,8186
2018-07-30,8198
2018-07-29,8192
2018-07-28,8145
2018-07-27,7929
2018-07-26,8145
2018-07-25,8422
2018-07-24,7705
2018-07-23,7396
2018-07-22,7379
2018-07-21,7332
2018-07-20,7443
2018-07-19,7335
2018-07-18,7303
2018-07-17,6742
2018-07-16,6350
2018-07-15,6246
2018-07-14,6248
2018-07-13,6231
2018-07-12,6373
2018-07-11,6303
2018-07-10,6648
2018-07-09,6701
2018-07-08,6760
2018-07-07,6603
2018-07-06,6538
2018-07-05,6563
2018-07-04,6498
2018-07-03,6596
2018-07-02,6313
2018-07-01,6366
2018-06-30,6182
2018-06-29,5880
2018-06-28,6117
2018-06-27,6070
2018-06-26,6242
2018-06-25,6160
2018-06-24,6169
2018-06-23,6089
2018-06-22,6691
2018-06-21,6714
2018-06-20,6709
2018-06-19,6678
2018-06-18,6419
2018-06-17,6479
2018-06-16,6407
2018-06-15,6645
2018-06-14,6334
2018-06-13,6582
2018-06-12,6880
2018-06-11,6767
2018-06-10,7415
2018-06-09,7561
2018-06-08,7614
2018-06-07,7606
2018-06-06,7569
2018-06-05,7464
2018-06-04,7640
2018-06-03,7568
2018-06-02,7487
2018-06-01,7460
2018-05-31,7381
2018-05-30,7451
2018-05-29,7111
2018-05-28,7327
2018-05-27,7329
2018-05-26,7472
2018-05-25,7563
2018-05-24,7556
2018-05-23,8009
2018-05-22,8355
2018-05-21,8443
2018-05-20,8181
2018-05-19,8203
2018-05-18,8056
2018-05-17,8343
2018-05-16,8473
2018-05-15,8697
2018-05-14,8684
2018-05-13,8481
2018-05-12,8406
2018-05-11,8970
2018-05-10,9249
2018-05-09,9150
2018-05-08,9308
2018-05-07,9584
2018-05-06,9766
2018-05-05,9635
2018-05-04,9551
2018-05-03,9123
2018-05-02,9024
2018-05-01,9198
2018-04-30,9326
2018-04-29,9250
2018-04-28,8940
2018-04-27,9222
2018-04-26,8825
2018-04-25,9716
2018-04-24,8881
2018-04-23,8769
2018-04-22,8878
2018-04-21,8499
2018-04-20,8277
2018-04-19,8097
2018-04-18,7874
2018-04-17,8031
2018-04-16,8258
2018-04-15,7898
2018-04-14,7846
2018-04-13,7836
2018-04-12,6925
2018-04-11,6829
2018-04-10,6778
2018-04-09,6985
2018-04-08,6884
2018-04-07,6629
2018-04-06,6855
2018-04-05,6845
2018-04-04,7464
2018-04-03,7080
2018-04-02,6837
2018-04-01,6975
2018-03-31,6897
2018-03-30,7127
2018-03-29,7931
2018-03-28,7837
2018-03-27,8186
2018-03-26,8479
2018-03-25,8621
2018-03-24,8825
2018-03-23,8736
2018-03-22,8970
2018-03-21,8927
2018-03-20,8641
2018-03-19,8218
2018-03-18,8063
2018-03-17,8520
2018-03-16,8359
2018-03-15,8307
2018-03-14,9217
2018-03-13,9233
2018-03-12,9512
2018-03-11,8891
2018-03-10,9276
2018-03-09,9421
2018-03-08,10000
2018-03-07,10728
2018-03-06,11526
2018-03-05,11287
2018-03-04,11356
2018-03-03,11098
2018-03-02,10860
2018-03-01,10347
2018-02-28,10709
2018-02-27,10356
2018-02-26,9700
2018-02-25,9743
2018-02-24,10302
2018-02-23,10033
2018-02-22,9974
2018-02-21,11502
2018-02-20,11103
2018-02-19,10523
2018-02-18,11007
2018-02-17,10155
2018-02-16,10113
2018-02-15,9428
2018-02-14,8518
2018-02-13,8911
2018-02-12,8169
2018-02-11,8575
2018-02-10,8651
2018-02-09,8209
2018-02-08,7612
2018-02-07,7711
2018-02-06,6852
2018-02-05,8316
2018-02-04,8995
2018-02-03,8830
2018-02-02,9071
2018-02-01,10114
2018-01-31,9990
2018-01-30,11095
2018-01-29,11158
2018-01-28,11666
2018-01-27,11456
2018-01-26,11045
2018-01-25,11225
2018-01-24,11277
2018-01-23,10894
2018-01-22,10992
2018-01-21,11704
2018-01-20,13260
2018-01-19,11758
2018-01-18,11569
2018-01-17,11415
2018-01-16,11724
2018-01-15,14412
2018-01-14,14477
2018-01-13,15193
2018-01-12,14759
2018-01-11,14051
2018-01-10,15509
2018-01-09,15605
2018-01-08,15900
2018-01-07,17040
2018-01-06,18344
2018-01-05,18337
2018-01-04,15976
2018-01-03,15584
2018-01-02,15322
2018-01-01,14094
2017-12-31,14840
2017-12-30,13620
2017-12-29,15097
2017-12-28,15068
2017-12-27,16373
2017-12-26,16617
2017-12-25,14303
2017-12-24,14451
2017-12-23,15242
2017-12-22,14085
2017-12-21,16355
2017-12-20,17060
2017-12-19,18174
2017-12-18,19188
2017-12-17,19424
2017-12-16,19665
2017-12-15,17979
2017-12-14,16865
2017-12-13,16525
2017-12-12,17250
2017-12-11,17107
2017-12-10,15809
2017-12-09,15266
2017-12-08,16908
2017-12-07,18491
2017-12-06,13876
2017-12-05,12174
2017-12-04,11635
2017-12-03,11257
2017-12-02,11163
2017-12-01,10996
2017-11-30,10406
2017-11-29,9876
2017-11-28,10257
2017-11-27,9831
2017-11-26,9343
2017-11-25,8743
2017-11-24,8278
2017-11-23,8118
2017-11-22,8257
2017-11-21,8114
2017-11-20,8221
2017-11-19,8011
2017-11-18,7828
2017-11-17,7784
2017-11-16,7815
2017-11-15,7298
2017-11-14,6652
2017-11-13,6423
2017-11-12,5867
2017-11-11,6365
2017-11-10,6657
2017-11-09,7186
2017-11-08,7462
2017-11-07,7167
2017-11-06,7103
2017-11-05,7416
2017-11-04,7391
2017-11-03,7235
2017-11-02,7060
2017-11-01,6715
2017-10-31,6369
2017-10-30,6104
2017-10-29,6124
2017-10-28,5734
2017-10-27,5776
2017-10-26,5883
2017-10-25,5705
2017-10-24,5550
2017-10-23,5960
2017-10-22,6003
2017-10-21,6044
2017-10-20,5953
2017-10-19,5696
2017-10-18,5593
2017-10-17,5644
2017-10-16,5729
2017-10-15,5684
2017-10-14,5679
2017-10-13,5610
2017-10-12,5332
2017-10-11,4808
2017-10-10,4769
2017-10-09,4759
2017-10-08,4562
2017-10-07,4405
2017-10-06,4348
2017-10-05,4290
2017-10-04,4231
2017-10-03,4319
2017-10-02,4383
2017-10-01,4348
2017-09-30,4298
2017-09-29,4130
2017-09-28,4135
2017-09-27,4134
2017-09-26,3853
2017-09-25,3867
2017-09-24,3672
2017-09-23,3763
2017-09-22,3622
2017-09-21,3628
2017-09-20,3858
2017-09-19,3899
2017-09-18,4012
2017-09-17,3553
2017-09-16,3606
2017-09-15,3588
2017-09-14,3101
2017-09-13,3884
2017-09-12,4131
2017-09-11,4165
2017-09-10,4133
2017-09-09,4246
2017-09-08,4285
2017-09-07,4585
2017-09-06,4592
2017-09-05,4448
2017-09-04,4317
2017-09-03,4632
2017-09-02,4557
2017-09-01,4863
2017-08-31,4703
2017-08-30,4554
2017-08-29,4394
2017-08-28,4216
2017-08-27,4116
2017-08-26,4124
2017-08-25,4200
2017-08-24,4167
2017-08-23,4069
2017-08-22,4008
2017-08-21,3935
2017-08-20,4001
2017-08-19,4115
2017-08-18,4098
2017-08-17,4287
2017-08-16,4263
2017-08-15,4149
2017-08-14,4176
2017-08-13,4023
2017-08-12,3800
2017-08-11,3563
2017-08-10,3368
2017-08-09,3331
2017-08-08,3410
2017-08-07,3357
2017-08-06,3190
2017-08-05,3237
2017-08-04,2846
2017-08-03,2777
2017-08-02,2698
2017-08-01,2738
2017-07-31,2871
2017-07-30,2740
2017-07-29,2720
2017-07-28,2799
2017-07-27,2649
2017-07-26,2507
2017-07-25,2564
2017-07-24,2751
2017-07-23,2732
2017-07-22,2802
2017-07-21,2658
2017-07-20,2767
2017-07-19,2275
2017-07-18,2304
2017-07-17,2181
2017-07-16,1927
2017-07-15,2033
2017-07-14,2229
2017-07-13,2364
2017-07-12,2387
2017-07-11,2354
2017-07-10,2364
2017-07-09,2519
2017-07-08,2563
2017-07-07,2509
2017-07-06,2613
2017-07-05,2607
2017-07-04,2611
2017-07-03,2577
2017-07-02,2519
2017-07-01,2440
2017-06-30,2491
2017-06-29,2562
2017-06-28,2575
2017-06-27,2531
2017-06-26,2488
2017-06-25,2607
2017-06-24,2618
2017-06-23,2738
2017-06-22,2725
2017-06-21,2717
2017-06-20,2778
2017-06-19,2620
2017-06-18,2577
2017-06-17,2684
2017-06-16,2514
2017-06-15,2444
2017-06-14,2503
2017-06-13,2736
2017-06-12,2701
2017-06-11,3014
2017-06-10,2937
2017-06-09,2817
2017-06-08,2716
2017-06-07,2716
2017-06-06,2722
2017-06-05,2722
2017-06-04,2556
2017-06-03,2563
2017-06-02,2514
2017-06-01,2436
2017-05-31,2329
2017-05-30,2168
2017-05-29,2286
2017-05-28,2219
2017-05-27,2083
2017-05-26,2262
2017-05-25,2367
2017-05-24,2448
2017-05-23,2293
2017-05-22,2109
2017-05-21,2054
2017-05-20,2043
2017-05-19,1973
2017-05-18,1889
2017-05-17,1804
2017-05-16,1716
2017-05-15,1696
2017-05-14,1768
2017-05-13,1752
2017-05-12,1701
2017-05-11,1809
2017-05-10,1747
2017-05-09,1700
2017-05-08,1633
2017-05-07,1558
2017-05-06,1548
2017-05-05,1506
2017-05-04,1499
2017-05-03,1486
2017-05-02,1442
2017-05-01,1408
2017-04-30,1350
2017-04-29,1328
2017-04-28,1321
2017-04-27,1331
2017-04-26,1287
2017-04-25,1263
2017-04-24,1250
2017-04-23,1248
2017-04-22,1250
2017-04-21,1255
2017-04-20,1254
2017-04-19,1226
2017-04-18,1218
2017-04-17,1205
2017-04-16,1186
2017-04-15,1180
2017-04-14,1184
2017-04-13,1174
2017-04-12,1218
2017-04-11,1227
2017-04-10,1211
2017-04-09,1188
2017-04-08,1182
2017-04-07,1190
2017-04-06,1194
2017-04-05,1132
2017-04-04,1140
2017-04-03,1139
2017-04-02,1098
2017-04-01,1085
2017-03-31,1078
2017-03-30,1031
2017-03-29,1039
2017-03-28,1045
2017-03-27,1043
2017-03-26,954
2017-03-25,965
2017-03-24,940
2017-03-23,1029
2017-03-22,1040
2017-03-21,1113
2017-03-20,1036
2017-03-19,1023
2017-03-18,962
2017-03-17,1074
2017-03-16,1217
2017-03-15,1258
2017-03-14,1247
2017-03-13,1243
2017-03-12,1231
2017-03-11,1181
2017-03-10,1100
2017-03-09,1191
2017-03-08,1150
2017-03-07,1233
2017-03-06,1281
2017-03-05,1276
2017-03-04,1269
2017-03-03,1290
2017-03-02,1262
2017-03-01,1227
2017-02-28,1190
2017-02-27,1193
2017-02-26,1181
2017-02-25,1149
2017-02-24,1181
2017-02-23,1186
2017-02-22,1123
2017-02-21,1125
2017-02-20,1082
2017-02-19,1054
2017-02-18,1059
2017-02-17,1057
2017-02-16,1035
2017-02-15,1009
2017-02-14,1010
2017-02-13,996
2017-02-12,1001
2017-02-11,1011
2017-02-10,992
2017-02-09,982
2017-02-08,1055
2017-02-07,1052
2017-02-06,1025
2017-02-05,1017
2017-02-04,1034
2017-02-03,1015
2017-02-02,1008
2017-02-01,987
2017-01-31,968
2017-01-30,921
2017-01-29,914
2017-01-28,920
2017-01-27,918
2017-01-26,915
2017-01-25,893
2017-01-24,886
2017-01-23,919
2017-01-22,919
2017-01-21,920
2017-01-20,891
2017-01-19,897
2017-01-18,874
2017-01-17,904
2017-01-16,828
2017-01-15,822
2017-01-14,818
2017-01-13,824
2017-01-12,799
2017-01-11,784
2017-01-10,906
2017-01-09,902
2017-01-08,908
2017-01-07,900
2017-01-06,894
2017-01-05,991
2017-01-04,1131
2017-01-03,1036
2017-01-02,1019
2017-01-01,998
2016-12-31,967
2016-12-30,961
2016-12-29,972
2016-12-28,977
2016-12-27,929
2016-12-26,903
2016-12-25,894
2016-12-24,892
2016-12-23,917
2016-12-22,859
2016-12-21,827
2016-12-20,800
2016-12-19,790
2016-12-18,788
2016-12-17,789
2016-12-16,781
2016-12-15,776
2016-12-14,776
2016-12-13,778
2016-12-12,778
2016-12-11,768
2016-12-10,773
2016-12-09,770
2016-12-08,769
2016-12-07,764
2016-12-06,759
2016-12-05,752
2016-12-04,766
2016-12-03,765
2016-12-02,771
2016-12-01,753
2016-11-30,742
2016-11-29,732
2016-11-28,732
2016-11-27,728
2016-11-26,733
2016-11-25,738
2016-11-24,737
2016-11-23,741
2016-11-22,748
2016-11-21,737
2016-11-20,728
2016-11-19,750
2016-11-18,748
2016-11-17,738
2016-11-16,741
2016-11-15,712
2016-11-14,706
2016-11-13,702
2016-11-12,704
2016-11-11,716
2016-11-10,713
2016-11-09,721
2016-11-08,709
2016-11-07,706
2016-11-06,712
2016-11-05,704
2016-11-04,702
2016-11-03,686
2016-11-02,734
2016-11-01,729
2016-10-31,699
2016-10-30,697
2016-10-29,715
2016-10-28,688
2016-10-27,683
2016-10-26,673
2016-10-25,653
2016-10-24,649
2016-10-23,650
2016-10-22,652
2016-10-21,630
2016-10-20,629
2016-10-19,628
2016-10-18,635
2016-10-17,637
2016-10-16,640
2016-10-15,637
2016-10-14,638
2016-10-13,635
2016-10-12,636
2016-10-11,641
2016-10-10,614
2016-10-09,615
2016-10-08,617
2016-10-07,616
2016-10-06,611
2016-10-05,612
2016-10-04,609
2016-10-03,612
2016-10-02,610
2016-10-01,614
2016-09-30,608
2016-09-29,605
2016-09-28,604
2016-09-27,604
2016-09-26,606
2016-09-25,599
2016-09-24,601
2016-09-23,602
2016-09-22,595
2016-09-21,596
2016-09-20,608
2016-09-19,609
2016-09-18,609
2016-09-17,605
2016-09-16,607
2016-09-15,606
2016-09-14,608
2016-09-13,607
2016-09-12,606
2016-09-11,605
2016-09-10,623
2016-09-09,622
2016-09-08,625
2016-09-07,614
2016-09-06,611
2016-09-05,607
2016-09-04,609
2016-09-03,596
2016-09-02,574
2016-09-01,572
2016-08-31,572
2016-08-30,576
2016-08-29,573
2016-08-28,574
2016-08-27,569
2016-08-26,578
2016-08-25,576
2016-08-24,578
2016-08-23,582
2016-08-22,585
2016-08-21,581
2016-08-20,582
2016-08-19,573
2016-08-18,572
2016-08-17,571
2016-08-16,578
2016-08-15,568
2016-08-14,571
2016-08-13,584
2016-08-12,587
2016-08-11,588
2016-08-10,592
2016-08-09,585
2016-08-08,591
2016-08-07,593
2016-08-06,588
2016-08-05,576
2016-08-04,577
2016-08-03,567
2016-08-02,517
2016-08-01,606
2016-07-31,624
2016-07-30,655
2016-07-29,657
2016-07-28,656
2016-07-27,656
2016-07-26,651
2016-07-25,655
2016-07-24,661
2016-07-23,655
2016-07-22,651
2016-07-21,665
2016-07-20,671
2016-07-19,675
2016-07-18,675
2016-07-17,678
2016-07-16,664
2016-07-15,666
2016-07-14,660
2016-07-13,658
2016-07-12,671
2016-07-11,649
2016-07-10,650
2016-07-09,654
2016-07-08,666
2016-07-07,639
2016-07-06,676
2016-07-05,668
2016-07-04,679
2016-07-03,665
2016-07-02,693
2016-07-01,678
2016-06-30,672
2016-06-29,637
2016-06-28,647
2016-06-27,648
2016-06-26,629
2016-06-25,666
2016-06-24,661
2016-06-23,623
2016-06-22,592
2016-06-21,665
2016-06-20,734
2016-06-19,764
2016-06-18,757
2016-06-17,749
2016-06-16,765
2016-06-15,693
2016-06-14,686
2016-06-13,704
2016-06-12,672
2016-06-11,598
2016-06-10,579
2016-06-09,578
2016-06-08,583
2016-06-07,578
2016-06-06,586
2016-06-05,574
2016-06-04,574
2016-06-03,570
2016-06-02,539
2016-06-01,539
2016-05-31,531
2016-05-30,534
2016-05-29,525
2016-05-28,529
2016-05-27,474
2016-05-26,454
2016-05-25,449
2016-05-24,446
2016-05-23,443
2016-05-22,439
2016-05-21,443
2016-05-20,442
2016-05-19,441
2016-05-18,453
2016-05-17,452
2016-05-16,455
2016-05-15,458
2016-05-14,456
2016-05-13,456
2016-05-12,455
2016-05-11,452
2016-05-10,450
2016-05-09,462
2016-05-08,459
2016-05-07,459
2016-05-06,462
2016-05-05,449
2016-05-04,447
2016-05-03,450
2016-05-02,444
2016-05-01,453
2016-04-30,448
2016-04-29,457
2016-04-28,449
2016-04-27,445
2016-04-26,468
2016-04-25,460
2016-04-24,460
2016-04-23,452
2016-04-22,447
2016-04-21,451
2016-04-20,442
2016-04-19,436
2016-04-18,429
2016-04-17,428
2016-04-16,431
2016-04-15,430
2016-04-14,425
2016-04-13,424
2016-04-12,426
2016-04-11,423
2016-04-10,421
2016-04-09,416
2016-04-08,418
2016-04-07,421
2016-04-06,422
2016-04-05,423
2016-04-04,419
2016-04-03,418
2016-04-02,420
2016-04-01,417
2016-03-31,415
2016-03-30,413
2016-03-29,416
2016-03-28,423
2016-03-27,425
2016-03-26,417
2016-03-25,416
2016-03-24,415
2016-03-23,418
2016-03-22,416
2016-03-21,411
2016-03-20,412
2016-03-19,407
2016-03-18,408
2016-03-17,418
2016-03-16,417
2016-03-15,416
2016-03-14,415
2016-03-13,412
2016-03-12,411
2016-03-11,419
2016-03-10,416
2016-03-09,412
2016-03-08,412
2016-03-07,414
2016-03-06,405
2016-03-05,397
2016-03-04,409
2016-03-03,420
2016-03-02,424
2016-03-01,431
2016-02-29,437
2016-02-28,433
2016-02-27,432
2016-02-26,427
2016-02-25,423
2016-02-24,423
2016-02-23,420
2016-02-22,438
2016-02-21,439
2016-02-20,441
2016-02-19,419
2016-02-18,421
2016-02-17,417
2016-02-16,407
2016-02-15,399
2016-02-14,404
2016-02-13,390
2016-02-12,383
2016-02-11,377
2016-02-10,380
2016-02-09,374
2016-02-08,371
2016-02-07,376
2016-02-06,375
2016-02-05,386
2016-02-04,388
2016-02-03,368
2016-02-02,373
2016-02-01,371
2016-01-31,364
2016-01-30,377
2016-01-29,379
2016-01-28,380
2016-01-27,394
2016-01-26,392
2016-01-25,392
2016-01-24,403
2016-01-23,390
2016-01-22,377
2016-01-21,408
2016-01-20,419
2016-01-19,379
2016-01-18,385
2016-01-17,386
2016-01-16,385
2016-01-15,366
2016-01-14,429
2016-01-13,432
2016-01-12,446
2016-01-11,448
2016-01-10,447
2016-01-09,449
2016-01-08,455
2016-01-07,456
2016-01-06,431
2016-01-05,432
2016-01-04,434
2016-01-03,430
2016-01-02,434
2016-01-01,434
2015-12-31,431
2015-12-30,427
2015-12-29,432
2015-12-28,421
2015-12-27,424
2015-12-26,417
2015-12-25,456
2015-12-24,455
2015-12-23,443
2015-12-22,436
2015-12-21,438
2015-12-20,441
2015-12-19,462
2015-12-18,464
2015-12-17,456
2015-12-16,454
2015-12-15,465
2015-12-14,443
2015-12-13,436
2015-12-12,435
2015-12-11,452
2015-12-10,417
2015-12-09,417
2015-12-08,413
2015-12-07,394
2015-12-06,394
2015-12-05,391
2015-12-04,363
2015-12-03,361
2015-12-02,359
2015-12-01,363
2015-11-30,378
2015-11-29,371
2015-11-28,356
2015-11-27,359
2015-11-26,356
2015-11-25,328
2015-11-24,320
2015-11-23,323
2015-11-22,323
2015-11-21,325
2015-11-20,321
2015-11-19,326
2015-11-18,335
2015-11-17,335
2015-11-16,331
2015-11-15,320
2015-11-14,332
2015-11-13,337
2015-11-12,338
2015-11-11,306
2015-11-10,337
2015-11-09,381
2015-11-08,372
2015-11-07,387
2015-11-06,373
2015-11-05,387
2015-11-04,404
2015-11-03,398
2015-11-02,351
2015-11-01,325
2015-10-31,312
2015-10-30,326
2015-10-29,314
2015-10-28,304
2015-10-27,295
2015-10-26,286
2015-10-25,285
2015-10-24,283
2015-10-23,277
2015-10-22,274
2015-10-21,267
2015-10-20,270
2015-10-19,264
2015-10-18,262
2015-10-17,270
2015-10-16,262
2015-10-15,255
2015-10-14,253
2015-10-13,249
2015-10-12,246
2015-10-11,248
2015-10-10,245
2015-10-09,244
2015-10-08,243
2015-10-07,243
2015-10-06,246
2015-10-05,240
2015-10-04,239
2015-10-03,239
2015-10-02,237
2015-10-01,238
2015-09-30,236
2015-09-29,237
2015-09-28,239
2015-09-27,233
2015-09-26,235
2015-09-25,235
2015-09-24,234
2015-09-23,230
2015-09-22,230
2015-09-21,226
2015-09-20,231
2015-09-19,231
2015-09-18,232
2015-09-17,233
2015-09-16,228
2015-09-15,230
2015-09-14,230
2015-09-13,231
2015-09-12,235
2015-09-11,240
2015-09-10,239
2015-09-09,238
2015-09-08,244
2015-09-07,241
2015-09-06,239
2015-09-05,235
2015-09-04,230
2015-09-03,227
2015-09-02,229
2015-09-01,227
2015-08-31,230
2015-08-30,228
2015-08-29,228
2015-08-28,232
2015-08-27,223
2015-08-26,225
2015-08-25,221
2015-08-24,210
2015-08-23,227
2015-08-22,229
2015-08-21,232
2015-08-20,235
2015-08-19,226
2015-08-18,253
2015-08-17,257
2015-08-16,258
2015-08-15,260
2015-08-14,265
2015-08-13,264
2015-08-12,268
2015-08-11,270
2015-08-10,264
2015-08-09,264
2015-08-08,260
2015-08-07,279
2015-08-06,278
2015-08-05,281
2015-08-04,284
2015-08-03,282
2015-08-02,282
2015-08-01,281
2015-07-31,284
2015-07-30,287
2015-07-29,289
2015-07-28,294
2015-07-27,293
2015-07-26,292
2015-07-25,288
2015-07-24,288
2015-07-23,276
2015-07-22,276
2015-07-21,275
2015-07-20,277
2015-07-19,273
2015-07-18,274
2015-07-17,278
2015-07-16,277
2015-07-15,284
2015-07-14,287
2015-07-13,291
2015-07-12,310
2015-07-11,292
2015-07-10,285
2015-07-09,269
2015-07-08,270
2015-07-07,265
2015-07-06,269
2015-07-05,271
2015-07-04,260
2015-07-03,255
2015-07-02,255
2015-07-01,258
2015-06-30,262
2015-06-29,256
2015-06-28,248
2015-06-27,251
2015-06-26,242
2015-06-25,242
2015-06-24,241
2015-06-23,244
2015-06-22,247
2015-06-21,244
2015-06-20,245
2015-06-19,243
2015-06-18,249
2015-06-17,248
2015-06-16,250
2015-06-15,237
2015-06-14,234
2015-06-13,233
2015-06-12,231
2015-06-11,230
2015-06-10,229
2015-06-09,230
2015-06-08,229
2015-06-07,224
2015-06-06,225
2015-06-05,225
2015-06-04,224
2015-06-03,225
2015-06-02,226
2015-06-01,223
2015-05-31,230
2015-05-30,233
2015-05-29,237
2015-05-28,237
2015-05-27,237
2015-05-26,237
2015-05-25,237
2015-05-24,241
2015-05-23,239
2015-05-22,241
2015-05-21,235
2015-05-20,234
2015-05-19,232
2015-05-18,232
2015-05-17,236
2015-05-16,236
2015-05-15,237
2015-05-14,237
2015-05-13,235
2015-05-12,242
2015-05-11,242
2015-05-10,240
2015-05-09,242
2015-05-08,244
2015-05-07,237
2015-05-06,230
2015-05-05,236
2015-05-04,239
2015-05-03,240
2015-05-02,235
2015-05-01,233
2015-04-30,236
2015-04-29,226
2015-04-28,226
2015-04-27,229
2015-04-26,219
2015-04-25,226
2015-04-24,231
2015-04-23,235
2015-04-22,234
2015-04-21,235
2015-04-20,224
2015-04-19,223
2015-04-18,223
2015-04-17,222
2015-04-16,228
2015-04-15,223
2015-04-14,218
2015-04-13,224
2015-04-12,236
2015-04-11,236
2015-04-10,235
2015-04-09,243
2015-04-08,244
2015-04-07,253
2015-04-06,255
2015-04-05,260
2015-04-04,253
2015-04-03,254
2015-04-02,252
2015-04-01,247
2015-03-31,243
2015-03-30,247
2015-03-29,242
2015-03-28,252
2015-03-27,247
2015-03-26,248
2015-03-25,246
2015-03-24,245
2015-03-23,266
2015-03-22,268
2015-03-21,259
2015-03-20,261
2015-03-19,260
2015-03-18,256
2015-03-17,284
2015-03-16,290
2015-03-15,285
2015-03-14,281
2015-03-13,288
2015-03-12,294
2015-03-11,296
2015-03-10,290
2015-03-09,289
2015-03-08,275
2015-03-07,276
2015-03-06,272
2015-03-05,275
2015-03-04,273
2015-03-03,281
2015-03-02,270
2015-03-01,258
2015-02-28,254
2015-02-27,254
2015-02-26,236
2015-02-25,237
2015-02-24,239
2015-02-23,238
2015-02-22,236
2015-02-21,244
2015-02-20,244
2015-02-19,240
2015-02-18,235
2015-02-17,242
2015-02-16,236
2015-02-15,233
2015-02-14,259
2015-02-13,236
2015-02-12,222
2015-02-11,219
2015-02-10,221
2015-02-09,220
2015-02-08,223
2015-02-07,227
2015-02-06,222
2015-02-05,217
2015-02-04,225
2015-02-03,226
2015-02-02,240
2015-02-01,226
2015-01-31,218
2015-01-30,229
2015-01-29,233
2015-01-28,259
2015-01-27,259
2015-01-26,271
2015-01-25,254
2015-01-24,248
2015-01-23,233
2015-01-22,232
2015-01-21,224
2015-01-20,211
2015-01-19,215
2015-01-18,209
2015-01-17,199
2015-01-16,206
2015-01-15,211
2015-01-14,172
2015-01-13,221
2015-01-12,268
2015-01-11,267
2015-01-10,275
2015-01-09,290
2015-01-08,284
2015-01-07,296
2015-01-06,285
2015-01-05,273
2015-01-04,261
2015-01-03,287
2015-01-02,314
2015-01-01,314
2014-12-31,317
2014-12-30,310
2014-12-29,313
2014-12-28,316
2014-12-27,315
2014-12-26,328
2014-12-25,318
2014-12-24,322
2014-12-23,334
2014-12-22,330
2014-12-21,320
2014-12-20,329
2014-12-19,318
2014-12-18,310
2014-12-17,319
2014-12-16,329
2014-12-15,345
2014-12-14,350
2014-12-13,347
2014-12-12,352
2014-12-11,347
2014-12-10,347
2014-12-09,351
2014-12-08,361
2014-12-07,374
2014-12-06,374
2014-12-05,376
2014-12-04,368
2014-12-03,374
2014-12-02,381
2014-12-01,379
2014-11-30,376
2014-11-29,375
2014-11-28,377
2014-11-27,368
2014-11-26,366
2014-11-25,375
2014-11-24,378
2014-11-23,367
2014-11-22,352
2014-11-21,349
2014-11-20,355
2014-11-19,377
2014-11-18,375
2014-11-17,385
2014-11-16,388
2014-11-15,377
2014-11-14,395
2014-11-13,415
2014-11-12,419
2014-11-11,366
2014-11-10,364
2014-11-09,363
2014-11-08,344
2014-11-07,341
2014-11-06,348
2014-11-05,338
2014-11-04,328
2014-11-03,324
2014-11-02,324
2014-11-01,324
2014-10-31,337
2014-10-30,344
2014-10-29,333
2014-10-28,352
2014-10-27,348
2014-10-26,350
2014-10-25,347
2014-10-24,354
2014-10-23,356
2014-10-22,379
2014-10-21,382
2014-10-20,380
2014-10-19,387
2014-10-18,389
2014-10-17,380
2014-10-16,379
2014-10-15,392
2014-10-14,398
2014-10-13,387
2014-10-12,374
2014-10-11,360
2014-10-10,358
2014-10-09,358
2014-10-08,353
2014-10-07,332
2014-10-06,329
2014-10-05,325
2014-10-04,328
2014-10-03,356
2014-10-02,372
2014-10-01,381
2014-09-30,387
2014-09-29,373
2014-09-28,376
2014-09-27,398
2014-09-26,403
2014-09-25,408
2014-09-24,421
2014-09-23,434
2014-09-22,398
2014-09-21,397
2014-09-20,409
2014-09-19,393
2014-09-18,424
2014-09-17,455
2014-09-16,463
2014-09-15,473
2014-09-14,475
2014-09-13,476
2014-09-12,474
2014-09-11,476
2014-09-10,477
2014-09-09,472
2014-09-08,471
2014-09-07,481
2014-09-06,482
2014-09-05,480
2014-09-04,490
2014-09-03,475
2014-09-02,475
2014-09-01,476
2014-08-31,480
2014-08-30,502
2014-08-29,508
2014-08-28,507
2014-08-27,510
2014-08-26,511
2014-08-25,500
2014-08-24,508
2014-08-23,497
2014-08-22,516
2014-08-21,516
2014-08-20,514
2014-08-19,484
2014-08-18,460
2014-08-17,495
2014-08-16,521
2014-08-15,492
2014-08-14,504
2014-08-13,544
2014-08-12,567
2014-08-11,573
2014-08-10,589
2014-08-09,588
2014-08-08,591
2014-08-07,587
2014-08-06,583
2014-08-05,582
2014-08-04,586
2014-08-03,586
2014-08-02,588
2014-08-01,594
2014-07-31,583
2014-07-30,561
2014-07-29,582
2014-07-28,585
2014-07-27,590
2014-07-26,594
2014-07-25,600
2014-07-24,600
2014-07-23,618
2014-07-22,619
2014-07-21,620
2014-07-20,621
2014-07-19,626
2014-07-18,627
2014-07-17,623
2014-07-16,614
2014-07-15,619
2014-07-14,618
2014-07-13,627
2014-07-12,634
2014-07-11,631
2014-07-10,615
2014-07-09,620
2014-07-08,620
2014-07-07,619
2014-07-06,631
2014-07-05,628
2014-07-04,627
2014-07-03,640
2014-07-02,648
2014-07-01,644
2014-06-30,638
2014-06-29,598
2014-06-28,595
2014-06-27,598
2014-06-26,580
2014-06-25,561
2014-06-24,582
2014-06-23,586
2014-06-22,595
2014-06-21,591
2014-06-20,590
2014-06-19,593
2014-06-18,604
2014-06-17,607
2014-06-16,593
2014-06-15,583
2014-06-14,570
2014-06-13,595
2014-06-12,567
2014-06-11,630
2014-06-10,649
2014-06-09,644
2014-06-08,650
2014-06-07,652
2014-06-06,649
2014-06-05,658
2014-06-04,641
2014-06-03,667
2014-06-02,656
2014-06-01,640
2014-05-31,621
2014-05-30,621
2014-05-29,565
2014-05-28,572
2014-05-27,569
2014-05-26,580
2014-05-25,569
2014-05-24,523
2014-05-23,524
2014-05-22,523
2014-05-21,489
2014-05-20,483
2014-05-19,444
2014-05-18,444
2014-05-17,446
2014-05-16,445
2014-05-15,444
2014-05-14,444
2014-05-13,437
2014-05-12,439
2014-05-11,436
2014-05-10,453
2014-05-09,447
2014-05-08,437
2014-05-07,439
2014-05-06,427
2014-05-05,429
2014-05-04,434
2014-05-03,434
2014-05-02,443
2014-05-01,455
2014-04-30,445
2014-04-29,443
2014-04-28,437
2014-04-27,438
2014-04-26,454
2014-04-25,459
2014-04-24,494
2014-04-23,488
2014-04-22,485
2014-04-21,493
2014-04-20,497
2014-04-19,502
2014-04-18,478
2014-04-17,494
2014-04-16,529
2014-04-15,520
2014-04-14,458
2014-04-13,415
2014-04-12,421
2014-04-11,420
2014-04-10,361
2014-04-09,440
2014-04-08,450
2014-04-07,458
2014-04-06,461
2014-04-05,465
2014-04-04,449
2014-04-03,447
2014-04-02,438
2014-04-01,479
2014-03-31,457
2014-03-30,470
2014-03-29,502
2014-03-28,504
2014-03-27,568
2014-03-26,584
2014-03-25,583
2014-03-24,571
2014-03-23,568
2014-03-22,561
2014-03-21,582
2014-03-20,592
2014-03-19,611
2014-03-18,613
2014-03-17,624
2014-03-16,630
2014-03-15,638
2014-03-14,630
2014-03-13,639
2014-03-12,638
2014-03-11,624
2014-03-10,621
2014-03-09,636
2014-03-08,610
2014-03-07,618
2014-03-06,655
2014-03-05,658
2014-03-04,675
2014-03-03,586
2014-03-02,561
2014-03-01,560
2014-02-28,567
2014-02-27,586
2014-02-26,567
2014-02-25,489
2014-02-24,572
2014-02-23,623
2014-02-22,571
2014-02-21,583
2014-02-20,594
2014-02-19,621
2014-02-18,625
2014-02-17,645
2014-02-16,614
2014-02-15,644
2014-02-14,624
2014-02-13,652
2014-02-12,655
2014-02-11,698
2014-02-10,690
2014-02-09,672
2014-02-08,702
2014-02-07,721
2014-02-06,805
2014-02-05,831
2014-02-04,832
2014-02-03,813
2014-02-02,836
2014-02-01,833
2014-01-31,818
2014-01-30,817
2014-01-29,817
2014-01-28,777
2014-01-27,892
2014-01-26,854
2014-01-25,804
2014-01-24,808
2014-01-23,847
2014-01-22,865
2014-01-21,870
2014-01-20,869
2014-01-19,838
2014-01-18,840
2014-01-17,813
2014-01-16,838
2014-01-15,860
2014-01-14,838
2014-01-13,841
2014-01-12,867
2014-01-11,906
2014-01-10,863
2014-01-09,853
2014-01-08,838
2014-01-07,827
2014-01-06,936
2014-01-05,919
2014-01-04,849
2014-01-03,825
2014-01-02,773
2014-01-01,768
2013-12-31,755
2013-12-30,761
2013-12-29,726
2013-12-28,739
2013-12-27,734
2013-12-26,735
2013-12-25,669
2013-12-24,660
2013-12-23,646
2013-12-22,650
2013-12-21,596
2013-12-20,694
2013-12-19,678
2013-12-18,559
2013-12-17,692
2013-12-16,789
2013-12-15,855
2013-12-14,867
2013-12-13,897
2013-12-12,878
2013-12-11,887
2013-12-10,928
2013-12-09,898
2013-12-08,743
2013-12-07,812
2013-12-06,1020
2013-12-05,989
2013-12-04,1121
2013-12-03,1079
2013-12-02,974
2013-12-01,1033
2013-11-30,1127
2013-11-29,1102
2013-11-28,979
2013-11-27,914
2013-11-26,833
2013-11-25,793
2013-11-24,764
2013-11-23,819
2013-11-22,731
2013-11-21,675
2013-11-20,565
2013-11-19,614
2013-11-18,581
2013-11-17,488
2013-11-16,437
2013-11-15,424
2013-11-14,409
2013-11-13,404
2013-11-12,355
2013-11-11,341
2013-11-10,313
2013-11-09,358
2013-11-08,332
2013-11-07,296
2013-11-06,261
2013-11-05,231
2013-11-04,226
2013-11-03,212
2013-11-02,207
2013-11-01,205
2013-10-31,204
2013-10-30,204
2013-10-29,204
2013-10-28,199
2013-10-27,190
2013-10-26,179
2013-10-25,172
2013-10-24,199
2013-10-23,207
2013-10-22,193
2013-10-21,181
2013-10-20,172
2013-10-19,171
2013-10-18,151
2013-10-17,146
2013-10-16,144
2013-10-15,144
2013-10-14,140
2013-10-13,135
2013-10-12,135
2013-10-11,130
2013-10-10,130
2013-10-09,131
2013-10-08,126
2013-10-07,128
2013-10-06,128
2013-10-05,130
2013-10-04,128
2013-10-03,123
2013-10-02,132
2013-10-01,133
2013-09-30,132
2013-09-29,140
2013-09-28,134
2013-09-27,132
2013-09-26,128
2013-09-25,128
2013-09-24,126
2013-09-23,127
2013-09-22,128
2013-09-21,127
2013-09-20,129
2013-09-19,130
2013-09-18,132
2013-09-17,131
2013-09-16,131
2013-09-15,130
2013-09-14,131
2013-09-13,135
2013-09-12,134
2013-09-11,132
2013-09-10,128
2013-09-09,126
2013-09-08,122
2013-09-07,124
2013-09-06,126
2013-09-05,130
2013-09-04,135
2013-09-03,138
2013-09-02,137
2013-09-01,138
2013-08-31,138
2013-08-30,129
2013-08-29,123
2013-08-28,123
2013-08-27,126
2013-08-26,122
2013-08-25,122
2013-08-24,120
2013-08-23,120
2013-08-22,122
2013-08-21,122
2013-08-20,121
2013-08-19,119
2013-08-18,114
2013-08-17,113
2013-08-16,110
2013-08-15,112
2013-08-14,112
2013-08-13,106
2013-08-12,105
2013-08-11,104
2013-08-10,103
2013-08-09,103
2013-08-08,102
2013-08-07,107
2013-08-06,106
2013-08-05,107
2013-08-04,105
2013-08-03,104
2013-08-02,102
2013-08-01,106
2013-07-31,110
2013-07-30,102
2013-07-29,99
2013-07-28,94
2013-07-27,94
2013-07-26,97
2013-07-25,95
2013-07-24,95
2013-07-23,92
2013-07-22,90
2013-07-21,89
2013-07-20,92
2013-07-19,89
2013-07-18,98
2013-07-17,99
2013-07-16,97
2013-07-15,94
2013-07-14,96
2013-07-13,88
2013-07-12,94
2013-07-11,86
2013-07-10,77
2013-07-09,76
2013-07-08,78
2013-07-07,68
2013-07-06,68
2013-07-05,78
2013-07-04,79
2013-07-03,91
2013-07-02,89
2013-07-01,98
2013-06-30,95
2013-06-29,93
2013-06-28,100
2013-06-27,103
2013-06-26,104
2013-06-25,102
2013-06-24,108
2013-06-23,107
2013-06-22,109
2013-06-21,111
2013-06-20,108
2013-06-19,107
2013-06-18,102
2013-06-17,100
2013-06-16,100
2013-06-15,98
2013-06-14,103
2013-06-13,108
2013-06-12,109
2013-06-11,106
2013-06-10,100
2013-06-09,108
2013-06-08,110
2013-06-07,119
2013-06-06,122
2013-06-05,121
2013-06-04,121
2013-06-03,121
2013-06-02,121
2013-06-01,129
2013-05-31,128
2013-05-30,127
2013-05-29,132
2013-05-28,129
2013-05-27,129
2013-05-26,135
2013-05-25,131
2013-05-24,132
2013-05-23,126
2013-05-22,123
2013-05-21,123
2013-05-20,123
2013-05-19,121
2013-05-18,124
2013-05-17,123
2013-05-16,116
2013-05-15,114
2013-05-14,115
2013-05-13,117
2013-05-12,115
2013-05-11,113
2013-05-10,119
2013-05-09,113
2013-05-08,113
2013-05-07,106
2013-05-06,118
2013-05-05,117
2013-05-04,111
2013-05-03,91
2013-05-02,103
2013-05-01,117
2013-04-30,135
2013-04-29,142
2013-04-28,135
